id,season,city,date,team1,team2,toss_winner,toss_decision,result,dl_applied,winner,win_by_runs,win_by_wickets,player_of_match
1,2017,Hyderabad,4/5/2017,Sunrisers Hyderabad,Royal Challengers Bangalore,Royal Challengers Bangalore,field,normal,0,Sunrisers Hyderabad,35,0,Yuvraj Singh
2,2017,Pune,4/6/2017,Mumbai Indians,Rising Pune Supergiant,Rising Pune Supergiant,field,normal,0,Rising Pune Supergiant,0,7,SPD Smith
3,2017,Rajkot,4/7/2017,Gujarat Lions,Kolkata Knight Riders,Kolkata Knight Riders,field,normal,0,Kolkata Knight Riders,0,10,CA Lynn
4,2017,Indore,4/8/2017,Rising Pune Supergiant,Kings XI Punjab,Kings XI Punjab,field,normal,0,Kings XI Punjab,0,6,GJ Maxwell
5,2017,Bangalore,4/8/2017,Royal Challengers Bangalore,Delhi Daredevils,Royal Challengers Bangalore,bat,normal,0,Royal Challengers Bangalore,15,0,KM Jadhav
6,2017,Hyderabad,4/9/2017,Gujarat Lions,Sunrisers Hyderabad,Sunrisers Hyderabad,field,normal,0,Sunrisers Hyderabad,0,9,Rashid Khan
7,2017,Mumbai,4/9/2017,Kolkata Knight Riders,Mumbai Indians,Mumbai Indians,field,normal,0,Mumbai Indians,0,4,N Rana
8,2017,Indore,4/10/2017,Royal Challengers Bangalore,Kings XI Punjab,Royal Challengers Bangalore,bat,normal,0,Kings XI Punjab,0,8,AR Patel
9,2017,Pune,4/11/2017,Delhi Daredevils,Rising Pune Supergiant,Rising Pune Supergiant,field,normal,0,Delhi Daredevils,97,0,SV Samson
10,2017,Mumbai,4/12/2017,Sunrisers Hyderabad,Mumbai Indians,Mumbai Indians,field,normal,0,Mumbai Indians,0,4,JJ Bumrah
11,2017,Kolkata,4/13/2017,Kings XI Punjab,Kolkata Knight Riders,Kolkata Knight Riders,field,normal,0,Kolkata Knight Riders,0,8,SP Narine
12,2017,Bangalore,4/14/2017,Royal Challengers Bangalore,Mumbai Indians,Mumbai Indians,field,normal,0,Mumbai Indians,0,4,KA Pollard
13,2017,Rajkot,4/14/2017,Rising Pune Supergiant,Gujarat Lions,Gujarat Lions,field,normal,0,Gujarat Lions,0,7,AJ Tye
14,2017,Kolkata,4/15/2017,Kolkata Knight Riders,Sunrisers Hyderabad,Sunrisers Hyderabad,field,normal,0,Kolkata Knight Riders,17,0,RV Uthappa
15,2017,Delhi,4/15/2017,Delhi Daredevils,Kings XI Punjab,Delhi Daredevils,bat,normal,0,Delhi Daredevils,51,0,CJ Anderson
16,2017,Mumbai,4/16/2017,Gujarat Lions,Mumbai Indians,Mumbai Indians,field,normal,0,Mumbai Indians,0,6,N Rana
17,2017,Bangalore,4/16/2017,Rising Pune Supergiant,Royal Challengers Bangalore,Royal Challengers Bangalore,field,normal,0,Rising Pune Supergiant,27,0,BA Stokes
18,2017,Delhi,4/17/2017,Delhi Daredevils,Kolkata Knight Riders,Delhi Daredevils,bat,normal,0,Kolkata Knight Riders,0,4,NM Coulter-Nile
19,2017,Hyderabad,4/17/2017,Sunrisers Hyderabad,Kings XI Punjab,Kings XI Punjab,field,normal,0,Sunrisers Hyderabad,5,0,B Kumar
20,2017,Rajkot,4/18/2017,Royal Challengers Bangalore,Gujarat Lions,Gujarat Lions,field,normal,0,Royal Challengers Bangalore,21,0,CH Gayle
21,2017,Hyderabad,4/19/2017,Sunrisers Hyderabad,Delhi Daredevils,Sunrisers Hyderabad,bat,normal,0,Sunrisers Hyderabad,15,0,KS Williamson
22,2017,Indore,4/20/2017,Kings XI Punjab,Mumbai Indians,Mumbai Indians,field,normal,0,Mumbai Indians,0,8,JC Buttler
23,2017,Kolkata,4/21/2017,Kolkata Knight Riders,Gujarat Lions,Gujarat Lions,field,normal,0,Gujarat Lions,0,4,SK Raina
24,2017,Mumbai,4/22/2017,Mumbai Indians,Delhi Daredevils,Delhi Daredevils,field,normal,0,Mumbai Indians,14,0,MJ McClenaghan
25,2017,Pune,4/22/2017,Sunrisers Hyderabad,Rising Pune Supergiant,Rising Pune Supergiant,field,normal,0,Rising Pune Supergiant,0,6,MS Dhoni
26,2017,Rajkot,4/23/2017,Kings XI Punjab,Gujarat Lions,Gujarat Lions,field,normal,0,Kings XI Punjab,26,0,HM Amla
27,2017,Kolkata,4/23/2017,Kolkata Knight Riders,Royal Challengers Bangalore,Royal Challengers Bangalore,field,normal,0,Kolkata Knight Riders,82,0,NM Coulter-Nile
28,2017,Mumbai,4/24/2017,Rising Pune Supergiant,Mumbai Indians,Mumbai Indians,field,normal,0,Rising Pune Supergiant,3,0,BA Stokes
29,2017,Pune,4/26/2017,Rising Pune Supergiant,Kolkata Knight Riders,Kolkata Knight Riders,field,normal,0,Kolkata Knight Riders,0,7,RV Uthappa
30,2017,Bangalore,4/27/2017,Royal Challengers Bangalore,Gujarat Lions,Gujarat Lions,field,normal,0,Gujarat Lions,0,7,AJ Tye
31,2017,Kolkata,4/28/2017,Delhi Daredevils,Kolkata Knight Riders,Kolkata Knight Riders,field,normal,0,Kolkata Knight Riders,0,7,G Gambhir
32,2017,Chandigarh,4/28/2017,Sunrisers Hyderabad,Kings XI Punjab,Kings XI Punjab,field,normal,0,Sunrisers Hyderabad,26,0,Rashid Khan
33,2017,Pune,4/29/2017,Rising Pune Supergiant,Royal Challengers Bangalore,Royal Challengers Bangalore,field,normal,0,Rising Pune Supergiant,61,0,LH Ferguson
34,2017,Rajkot,4/29/2017,Gujarat Lions,Mumbai Indians,Gujarat Lions,bat,tie,0,Mumbai Indians,0,0,KH Pandya
35,2017,Chandigarh,4/30/2017,Delhi Daredevils,Kings XI Punjab,Kings XI Punjab,field,normal,0,Kings XI Punjab,0,10,Sandeep Sharma
36,2017,Hyderabad,4/30/2017,Sunrisers Hyderabad,Kolkata Knight Riders,Kolkata Knight Riders,field,normal,0,Sunrisers Hyderabad,48,0,DA Warner
37,2017,Mumbai,5/1/2017,Royal Challengers Bangalore,Mumbai Indians,Royal Challengers Bangalore,bat,normal,0,Mumbai Indians,0,5,RG Sharma
38,2017,Pune,5/1/2017,Gujarat Lions,Rising Pune Supergiant,Rising Pune Supergiant,field,normal,0,Rising Pune Supergiant,0,5,BA Stokes
39,2017,Delhi,5/2/2017,Sunrisers Hyderabad,Delhi Daredevils,Delhi Daredevils,field,normal,0,Delhi Daredevils,0,6,Mohammed Shami
40,2017,Kolkata,5/3/2017,Kolkata Knight Riders,Rising Pune Supergiant,Rising Pune Supergiant,field,normal,0,Rising Pune Supergiant,0,4,RA Tripathi
41,2017,Delhi,5/4/2017,Gujarat Lions,Delhi Daredevils,Delhi Daredevils,field,normal,0,Delhi Daredevils,0,7,RR Pant
42,2017,Bangalore,5/5/2017,Kings XI Punjab,Royal Challengers Bangalore,Royal Challengers Bangalore,field,normal,0,Kings XI Punjab,19,0,Sandeep Sharma
43,2017,Hyderabad,5/6/2017,Rising Pune Supergiant,Sunrisers Hyderabad,Sunrisers Hyderabad,field,normal,0,Rising Pune Supergiant,12,0,JD Unadkat
44,2017,Delhi,5/6/2017,Mumbai Indians,Delhi Daredevils,Delhi Daredevils,field,normal,0,Mumbai Indians,146,0,LMP Simmons
45,2017,Bangalore,5/7/2017,Royal Challengers Bangalore,Kolkata Knight Riders,Kolkata Knight Riders,field,normal,0,Kolkata Knight Riders,0,6,SP Narine
46,2017,Chandigarh,5/7/2017,Kings XI Punjab,Gujarat Lions,Gujarat Lions,field,normal,0,Gujarat Lions,0,6,DR Smith
47,2017,Hyderabad,5/8/2017,Mumbai Indians,Sunrisers Hyderabad,Mumbai Indians,bat,normal,0,Sunrisers Hyderabad,0,7,S Dhawan
48,2017,Chandigarh,5/9/2017,Kings XI Punjab,Kolkata Knight Riders,Kolkata Knight Riders,field,normal,0,Kings XI Punjab,14,0,MM Sharma
49,2017,Kanpur,5/10/2017,Gujarat Lions,Delhi Daredevils,Delhi Daredevils,field,normal,0,Delhi Daredevils,0,2,SS Iyer
50,2017,Mumbai,5/11/2017,Kings XI Punjab,Mumbai Indians,Mumbai Indians,field,normal,0,Kings XI Punjab,7,0,WP Saha
51,2017,Delhi,5/12/2017,Delhi Daredevils,Rising Pune Supergiant,Delhi Daredevils,bat,normal,0,Delhi Daredevils,7,0,KK Nair
52,2017,Kanpur,5/13/2017,Gujarat Lions,Sunrisers Hyderabad,Sunrisers Hyderabad,field,normal,0,Sunrisers Hyderabad,0,8,Mohammed Siraj
53,2017,Kolkata,5/13/2017,Mumbai Indians,Kolkata Knight Riders,Kolkata Knight Riders,field,normal,0,Mumbai Indians,9,0,AT Rayudu
54,2017,Pune,5/14/2017,Kings XI Punjab,Rising Pune Supergiant,Rising Pune Supergiant,field,normal,0,Rising Pune Supergiant,0,9,JD Unadkat
55,2017,Delhi,5/14/2017,Royal Challengers Bangalore,Delhi Daredevils,Royal Challengers Bangalore,bat,normal,0,Royal Challengers Bangalore,10,0,HV Patel
56,2017,Mumbai,5/16/2017,Rising Pune Supergiant,Mumbai Indians,Mumbai Indians,field,normal,0,Rising Pune Supergiant,20,0,Washington Sundar
57,2017,Bangalore,5/17/2017,Sunrisers Hyderabad,Kolkata Knight Riders,Kolkata Knight Riders,field,normal,1,Kolkata Knight Riders,0,7,NM Coulter-Nile
58,2017,Bangalore,5/19/2017,Kolkata Knight Riders,Mumbai Indians,Mumbai Indians,field,normal,0,Mumbai Indians,0,6,KV Sharma
59,2017,Hyderabad,5/21/2017,Mumbai Indians,Rising Pune Supergiant,Mumbai Indians,bat,normal,0,Mumbai Indians,1,0,KH Pandya
60,2008,Bangalore,4/18/2008,Kolkata Knight Riders,Royal Challengers Bangalore,Royal Challengers Bangalore,field,normal,0,Kolkata Knight Riders,140,0,BB McCullum
61,2008,Chandigarh,4/19/2008,Chennai Super Kings,Kings XI Punjab,Chennai Super Kings,bat,normal,0,Chennai Super Kings,33,0,MEK Hussey
62,2008,Delhi,4/19/2008,Rajasthan Royals,Delhi Daredevils,Rajasthan Royals,bat,normal,0,Delhi Daredevils,0,9,MF Maharoof
63,2008,Mumbai,4/20/2008,Mumbai Indians,Royal Challengers Bangalore,Mumbai Indians,bat,normal,0,Royal Challengers Bangalore,0,5,MV Boucher
64,2008,Kolkata,4/20/2008,Deccan Chargers,Kolkata Knight Riders,Deccan Chargers,bat,normal,0,Kolkata Knight Riders,0,5,DJ Hussey
65,2008,Jaipur,4/21/2008,Kings XI Punjab,Rajasthan Royals,Kings XI Punjab,bat,normal,0,Rajasthan Royals,0,6,SR Watson
66,2008,Hyderabad,4/22/2008,Deccan Chargers,Delhi Daredevils,Deccan Chargers,bat,normal,0,Delhi Daredevils,0,9,V Sehwag
67,2008,Chennai,4/23/2008,Chennai Super Kings,Mumbai Indians,Mumbai Indians,field,normal,0,Chennai Super Kings,6,0,ML Hayden
68,2008,Hyderabad,4/24/2008,Deccan Chargers,Rajasthan Royals,Rajasthan Royals,field,normal,0,Rajasthan Royals,0,3,YK Pathan
69,2008,Chandigarh,4/25/2008,Kings XI Punjab,Mumbai Indians,Mumbai Indians,field,normal,0,Kings XI Punjab,66,0,KC Sangakkara
70,2008,Bangalore,4/26/2008,Royal Challengers Bangalore,Rajasthan Royals,Rajasthan Royals,field,normal,0,Rajasthan Royals,0,7,SR Watson
71,2008,Chennai,4/26/2008,Kolkata Knight Riders,Chennai Super Kings,Kolkata Knight Riders,bat,normal,0,Chennai Super Kings,0,9,JDP Oram
72,2008,Mumbai,4/27/2008,Mumbai Indians,Deccan Chargers,Deccan Chargers,field,normal,0,Deccan Chargers,0,10,AC Gilchrist
73,2008,Chandigarh,4/27/2008,Delhi Daredevils,Kings XI Punjab,Delhi Daredevils,bat,normal,0,Kings XI Punjab,0,4,SM Katich
74,2008,Bangalore,4/28/2008,Chennai Super Kings,Royal Challengers Bangalore,Chennai Super Kings,bat,normal,0,Chennai Super Kings,13,0,MS Dhoni
75,2008,Kolkata,4/29/2008,Kolkata Knight Riders,Mumbai Indians,Kolkata Knight Riders,bat,normal,0,Mumbai Indians,0,7,ST Jayasuriya
76,2008,Delhi,4/30/2008,Delhi Daredevils,Royal Challengers Bangalore,Royal Challengers Bangalore,field,normal,0,Delhi Daredevils,10,0,GD McGrath
77,2008,Hyderabad,5/1/2008,Deccan Chargers,Kings XI Punjab,Kings XI Punjab,field,normal,0,Kings XI Punjab,0,7,SE Marsh
78,2008,Jaipur,5/1/2008,Rajasthan Royals,Kolkata Knight Riders,Rajasthan Royals,bat,normal,0,Rajasthan Royals,45,0,SA Asnodkar
79,2008,Chennai,5/2/2008,Chennai Super Kings,Delhi Daredevils,Chennai Super Kings,bat,normal,0,Delhi Daredevils,0,8,V Sehwag
80,2008,Hyderabad,5/25/2008,Deccan Chargers,Royal Challengers Bangalore,Deccan Chargers,bat,normal,0,Royal Challengers Bangalore,0,5,R Vinay Kumar
81,2008,Chandigarh,5/3/2008,Kings XI Punjab,Kolkata Knight Riders,Kings XI Punjab,bat,normal,0,Kings XI Punjab,9,0,IK Pathan
82,2008,Mumbai,5/4/2008,Mumbai Indians,Delhi Daredevils,Delhi Daredevils,field,normal,0,Mumbai Indians,29,0,SM Pollock
83,2008,Jaipur,5/4/2008,Chennai Super Kings,Rajasthan Royals,Chennai Super Kings,bat,normal,0,Rajasthan Royals,0,8,Sohail Tanvir
84,2008,Bangalore,5/5/2008,Royal Challengers Bangalore,Kings XI Punjab,Kings XI Punjab,field,normal,0,Kings XI Punjab,0,6,S Sreesanth
85,2008,Chennai,5/6/2008,Chennai Super Kings,Deccan Chargers,Deccan Chargers,field,normal,0,Deccan Chargers,0,7,AC Gilchrist
86,2008,Mumbai,5/7/2008,Rajasthan Royals,Mumbai Indians,Mumbai Indians,field,normal,0,Mumbai Indians,0,7,A Nehra
87,2008,Delhi,5/8/2008,Delhi Daredevils,Chennai Super Kings,Chennai Super Kings,field,normal,0,Chennai Super Kings,0,4,MS Dhoni
88,2008,Kolkata,5/8/2008,Kolkata Knight Riders,Royal Challengers Bangalore,Kolkata Knight Riders,bat,normal,0,Kolkata Knight Riders,5,0,SC Ganguly
89,2008,Jaipur,5/9/2008,Deccan Chargers,Rajasthan Royals,Rajasthan Royals,field,normal,0,Rajasthan Royals,0,8,YK Pathan
90,2008,Bangalore,5/28/2008,Royal Challengers Bangalore,Mumbai Indians,Mumbai Indians,field,normal,0,Mumbai Indians,0,9,CRD Fernando
91,2008,Chennai,5/10/2008,Chennai Super Kings,Kings XI Punjab,Kings XI Punjab,field,normal,0,Chennai Super Kings,18,0,L Balaji
92,2008,Hyderabad,5/11/2008,Kolkata Knight Riders,Deccan Chargers,Kolkata Knight Riders,bat,normal,0,Kolkata Knight Riders,23,0,SC Ganguly
93,2008,Jaipur,5/11/2008,Delhi Daredevils,Rajasthan Royals,Rajasthan Royals,field,normal,0,Rajasthan Royals,0,3,SR Watson
94,2008,Chandigarh,5/12/2008,Royal Challengers Bangalore,Kings XI Punjab,Royal Challengers Bangalore,bat,normal,0,Kings XI Punjab,0,9,SE Marsh
95,2008,Kolkata,5/13/2008,Kolkata Knight Riders,Delhi Daredevils,Kolkata Knight Riders,bat,normal,0,Kolkata Knight Riders,23,0,Shoaib Akhtar
96,2008,Mumbai,5/14/2008,Chennai Super Kings,Mumbai Indians,Mumbai Indians,field,normal,0,Mumbai Indians,0,9,ST Jayasuriya
97,2008,Chandigarh,5/28/2008,Kings XI Punjab,Rajasthan Royals,Rajasthan Royals,field,normal,0,Kings XI Punjab,41,0,SE Marsh
98,2008,Delhi,5/15/2008,Delhi Daredevils,Deccan Chargers,Deccan Chargers,field,normal,0,Delhi Daredevils,12,0,A Mishra
99,2008,Mumbai,5/16/2008,Kolkata Knight Riders,Mumbai Indians,Mumbai Indians,field,normal,0,Mumbai Indians,0,8,SM Pollock
100,2008,Delhi,5/17/2008,Delhi Daredevils,Kings XI Punjab,Delhi Daredevils,bat,normal,1,Kings XI Punjab,6,0,DPMD Jayawardene
101,2008,Jaipur,5/17/2008,Rajasthan Royals,Royal Challengers Bangalore,Royal Challengers Bangalore,field,normal,0,Rajasthan Royals,65,0,GC Smith
102,2008,Hyderabad,5/18/2008,Mumbai Indians,Deccan Chargers,Deccan Chargers,field,normal,0,Mumbai Indians,25,0,DJ Bravo
103,2008,Kolkata,5/18/2008,Kolkata Knight Riders,Chennai Super Kings,Kolkata Knight Riders,bat,normal,1,Chennai Super Kings,3,0,M Ntini
104,2008,Bangalore,5/19/2008,Royal Challengers Bangalore,Delhi Daredevils,Delhi Daredevils,field,normal,0,Delhi Daredevils,0,5,SP Goswami
105,2008,Kolkata,5/20/2008,Kolkata Knight Riders,Rajasthan Royals,Rajasthan Royals,field,normal,0,Rajasthan Royals,0,6,YK Pathan
106,2008,Mumbai,5/21/2008,Kings XI Punjab,Mumbai Indians,Mumbai Indians,field,normal,0,Kings XI Punjab,1,0,SE Marsh
107,2008,Chennai,5/21/2008,Royal Challengers Bangalore,Chennai Super Kings,Royal Challengers Bangalore,bat,normal,0,Royal Challengers Bangalore,14,0,A Kumble
108,2008,Chandigarh,5/23/2008,Deccan Chargers,Kings XI Punjab,Kings XI Punjab,field,normal,0,Kings XI Punjab,0,6,SE Marsh
109,2008,Delhi,5/24/2008,Mumbai Indians,Delhi Daredevils,Delhi Daredevils,field,normal,0,Delhi Daredevils,0,5,KD Karthik
110,2008,Chennai,5/24/2008,Rajasthan Royals,Chennai Super Kings,Rajasthan Royals,bat,normal,0,Rajasthan Royals,10,0,JA Morkel
111,2008,Bangalore,5/3/2008,Royal Challengers Bangalore,Deccan Chargers,Deccan Chargers,field,normal,0,Royal Challengers Bangalore,3,0,P Kumar
112,2008,Kolkata,5/25/2008,Kings XI Punjab,Kolkata Knight Riders,Kings XI Punjab,bat,normal,0,Kolkata Knight Riders,0,3,Umar Gul
113,2008,Jaipur,5/26/2008,Mumbai Indians,Rajasthan Royals,Rajasthan Royals,field,normal,0,Rajasthan Royals,0,5,Sohail Tanvir
114,2008,Hyderabad,5/27/2008,Deccan Chargers,Chennai Super Kings,Deccan Chargers,bat,normal,0,Chennai Super Kings,0,7,SK Raina
115,2008,Mumbai,5/30/2008,Rajasthan Royals,Delhi Daredevils,Delhi Daredevils,field,normal,0,Rajasthan Royals,105,0,SR Watson
116,2008,Mumbai,5/31/2008,Kings XI Punjab,Chennai Super Kings,Kings XI Punjab,bat,normal,0,Chennai Super Kings,0,9,M Ntini
117,2008,Mumbai,6/1/2008,Chennai Super Kings,Rajasthan Royals,Rajasthan Royals,field,normal,0,Rajasthan Royals,0,3,YK Pathan
118,2009,Cape Town,4/18/2009,Mumbai Indians,Chennai Super Kings,Chennai Super Kings,field,normal,0,Mumbai Indians,19,0,SR Tendulkar
119,2009,Cape Town,4/18/2009,Royal Challengers Bangalore,Rajasthan Royals,Royal Challengers Bangalore,bat,normal,0,Royal Challengers Bangalore,75,0,R Dravid
120,2009,Cape Town,4/19/2009,Kings XI Punjab,Delhi Daredevils,Delhi Daredevils,field,normal,1,Delhi Daredevils,0,10,DL Vettori
121,2009,Cape Town,4/19/2009,Kolkata Knight Riders,Deccan Chargers,Kolkata Knight Riders,bat,normal,0,Deccan Chargers,0,8,RP Singh
122,2009,Port Elizabeth,4/20/2009,Chennai Super Kings,Royal Challengers Bangalore,Chennai Super Kings,bat,normal,0,Chennai Super Kings,92,0,M Muralitharan
123,2009,Durban,4/21/2009,Kings XI Punjab,Kolkata Knight Riders,Kolkata Knight Riders,field,normal,1,Kolkata Knight Riders,11,0,CH Gayle
124,2009,Cape Town,4/22/2009,Deccan Chargers,Royal Challengers Bangalore,Deccan Chargers,bat,normal,0,Deccan Chargers,24,0,AC Gilchrist
125,2009,Durban,4/23/2009,Delhi Daredevils,Chennai Super Kings,Delhi Daredevils,bat,normal,0,Delhi Daredevils,9,0,AB de Villiers
126,2009,Cape Town,4/23/2009,Rajasthan Royals,Kolkata Knight Riders,Kolkata Knight Riders,field,tie,0,Rajasthan Royals,0,0,YK Pathan
127,2009,Durban,4/24/2009,Royal Challengers Bangalore,Kings XI Punjab,Royal Challengers Bangalore,bat,normal,0,Kings XI Punjab,0,7,RS Bopara
128,2009,Durban,4/25/2009,Deccan Chargers,Mumbai Indians,Deccan Chargers,bat,normal,0,Deccan Chargers,12,0,PP Ojha
129,2009,Port Elizabeth,4/26/2009,Royal Challengers Bangalore,Delhi Daredevils,Royal Challengers Bangalore,bat,normal,0,Delhi Daredevils,0,6,TM Dilshan
130,2009,Cape Town,4/26/2009,Kings XI Punjab,Rajasthan Royals,Kings XI Punjab,bat,normal,0,Kings XI Punjab,27,0,KC Sangakkara
131,2009,Durban,4/27/2009,Chennai Super Kings,Deccan Chargers,Deccan Chargers,field,normal,0,Deccan Chargers,0,6,HH Gibbs
132,2009,Port Elizabeth,4/27/2009,Mumbai Indians,Kolkata Knight Riders,Mumbai Indians,bat,normal,0,Mumbai Indians,92,0,SR Tendulkar
133,2009,Centurion,4/28/2009,Delhi Daredevils,Rajasthan Royals,Delhi Daredevils,bat,normal,0,Rajasthan Royals,0,5,YK Pathan
134,2009,Durban,4/29/2009,Kolkata Knight Riders,Royal Challengers Bangalore,Kolkata Knight Riders,bat,normal,0,Royal Challengers Bangalore,0,5,MV Boucher
135,2009,Durban,4/29/2009,Kings XI Punjab,Mumbai Indians,Kings XI Punjab,bat,normal,0,Kings XI Punjab,3,0,KC Sangakkara
136,2009,Centurion,4/30/2009,Deccan Chargers,Delhi Daredevils,Delhi Daredevils,field,normal,0,Delhi Daredevils,0,6,DP Nannes
137,2009,Centurion,4/30/2009,Chennai Super Kings,Rajasthan Royals,Rajasthan Royals,field,normal,0,Chennai Super Kings,38,0,SK Raina
138,2009,East London,5/1/2009,Mumbai Indians,Kolkata Knight Riders,Mumbai Indians,bat,normal,0,Mumbai Indians,9,0,JP Duminy
139,2009,Durban,5/1/2009,Royal Challengers Bangalore,Kings XI Punjab,Royal Challengers Bangalore,bat,normal,0,Royal Challengers Bangalore,8,0,Yuvraj Singh
140,2009,Port Elizabeth,5/2/2009,Deccan Chargers,Rajasthan Royals,Deccan Chargers,bat,normal,0,Rajasthan Royals,0,3,YK Pathan
141,2009,Johannesburg,5/2/2009,Chennai Super Kings,Delhi Daredevils,Delhi Daredevils,field,normal,0,Chennai Super Kings,18,0,SB Jakati
142,2009,Port Elizabeth,5/3/2009,Kolkata Knight Riders,Kings XI Punjab,Kolkata Knight Riders,bat,normal,0,Kings XI Punjab,0,6,DPMD Jayawardene
143,2009,Johannesburg,5/3/2009,Mumbai Indians,Royal Challengers Bangalore,Mumbai Indians,bat,normal,0,Royal Challengers Bangalore,0,9,JH Kallis
144,2009,East London,5/4/2009,Chennai Super Kings,Deccan Chargers,Chennai Super Kings,bat,normal,0,Chennai Super Kings,78,0,MS Dhoni
145,2009,Durban,5/5/2009,Rajasthan Royals,Kings XI Punjab,Kings XI Punjab,field,normal,0,Rajasthan Royals,78,0,GC Smith
146,2009,Durban,5/5/2009,Kolkata Knight Riders,Delhi Daredevils,Kolkata Knight Riders,bat,normal,0,Delhi Daredevils,0,9,G Gambhir
147,2009,Centurion,5/6/2009,Deccan Chargers,Mumbai Indians,Deccan Chargers,bat,normal,0,Deccan Chargers,19,0,RG Sharma
148,2009,Centurion,5/7/2009,Royal Challengers Bangalore,Rajasthan Royals,Rajasthan Royals,field,normal,0,Rajasthan Royals,0,7,A Singh
149,2009,Centurion,5/7/2009,Chennai Super Kings,Kings XI Punjab,Chennai Super Kings,bat,normal,1,Chennai Super Kings,12,0,ML Hayden
150,2009,East London,5/8/2009,Mumbai Indians,Delhi Daredevils,Mumbai Indians,bat,normal,0,Delhi Daredevils,0,7,A Nehra
151,2009,Kimberley,5/9/2009,Deccan Chargers,Kings XI Punjab,Kings XI Punjab,field,normal,0,Kings XI Punjab,0,3,DPMD Jayawardene
152,2009,Kimberley,5/9/2009,Rajasthan Royals,Chennai Super Kings,Rajasthan Royals,bat,normal,0,Chennai Super Kings,0,7,S Badrinath
153,2009,Port Elizabeth,5/10/2009,Mumbai Indians,Royal Challengers Bangalore,Mumbai Indians,bat,normal,0,Mumbai Indians,16,0,JP Duminy
154,2009,Johannesburg,5/10/2009,Kolkata Knight Riders,Delhi Daredevils,Delhi Daredevils,field,normal,0,Delhi Daredevils,0,7,A Mishra
155,2009,Kimberley,5/11/2009,Deccan Chargers,Rajasthan Royals,Deccan Chargers,bat,normal,0,Deccan Chargers,53,0,DR Smith
156,2009,Centurion,5/12/2009,Kolkata Knight Riders,Royal Challengers Bangalore,Royal Challengers Bangalore,field,normal,0,Royal Challengers Bangalore,0,6,LRPL Taylor
157,2009,Centurion,5/12/2009,Kings XI Punjab,Mumbai Indians,Kings XI Punjab,bat,normal,0,Mumbai Indians,0,8,Harbhajan Singh
158,2009,Durban,5/13/2009,Delhi Daredevils,Deccan Chargers,Deccan Chargers,field,normal,0,Delhi Daredevils,12,0,R Bhatia
159,2009,Durban,5/14/2009,Chennai Super Kings,Royal Challengers Bangalore,Chennai Super Kings,bat,normal,0,Royal Challengers Bangalore,0,2,LRPL Taylor
160,2009,Durban,5/14/2009,Rajasthan Royals,Mumbai Indians,Rajasthan Royals,bat,normal,0,Rajasthan Royals,2,0,SK Warne
161,2009,Bloemfontein,5/15/2009,Delhi Daredevils,Kings XI Punjab,Kings XI Punjab,field,normal,0,Kings XI Punjab,0,6,B Lee
162,2009,Port Elizabeth,5/16/2009,Mumbai Indians,Chennai Super Kings,Mumbai Indians,bat,normal,0,Chennai Super Kings,0,7,ML Hayden
163,2009,Johannesburg,5/16/2009,Kolkata Knight Riders,Deccan Chargers,Deccan Chargers,field,normal,0,Deccan Chargers,0,6,RG Sharma
164,2009,Johannesburg,5/17/2009,Kings XI Punjab,Deccan Chargers,Deccan Chargers,field,normal,0,Kings XI Punjab,1,0,Yuvraj Singh
165,2009,Bloemfontein,5/17/2009,Delhi Daredevils,Rajasthan Royals,Delhi Daredevils,bat,normal,0,Delhi Daredevils,14,0,AB de Villiers
166,2009,Centurion,5/18/2009,Chennai Super Kings,Kolkata Knight Riders,Chennai Super Kings,bat,normal,0,Kolkata Knight Riders,0,7,BJ Hodge
167,2009,Johannesburg,5/19/2009,Delhi Daredevils,Royal Challengers Bangalore,Delhi Daredevils,bat,normal,0,Royal Challengers Bangalore,0,7,JH Kallis
168,2009,Durban,5/20/2009,Rajasthan Royals,Kolkata Knight Riders,Kolkata Knight Riders,field,normal,0,Kolkata Knight Riders,0,4,LR Shukla
169,2009,Durban,5/20/2009,Chennai Super Kings,Kings XI Punjab,Chennai Super Kings,bat,normal,0,Chennai Super Kings,24,0,M Muralitharan
170,2009,Centurion,5/21/2009,Mumbai Indians,Delhi Daredevils,Delhi Daredevils,field,normal,0,Delhi Daredevils,0,4,V Sehwag
171,2009,Centurion,5/21/2009,Royal Challengers Bangalore,Deccan Chargers,Royal Challengers Bangalore,bat,normal,0,Royal Challengers Bangalore,12,0,MK Pandey
172,2009,Centurion,5/22/2009,Delhi Daredevils,Deccan Chargers,Deccan Chargers,field,normal,0,Deccan Chargers,0,6,AC Gilchrist
173,2009,Johannesburg,5/23/2009,Chennai Super Kings,Royal Challengers Bangalore,Royal Challengers Bangalore,field,normal,0,Royal Challengers Bangalore,0,6,MK Pandey
174,2009,Johannesburg,5/24/2009,Deccan Chargers,Royal Challengers Bangalore,Royal Challengers Bangalore,field,normal,0,Deccan Chargers,6,0,A Kumble
175,2010,Mumbai,3/12/2010,Kolkata Knight Riders,Deccan Chargers,Deccan Chargers,field,normal,0,Kolkata Knight Riders,11,0,AD Mathews
176,2010,Mumbai,3/13/2010,Mumbai Indians,Rajasthan Royals,Mumbai Indians,bat,normal,0,Mumbai Indians,4,0,YK Pathan
177,2010,Chandigarh,3/13/2010,Kings XI Punjab,Delhi Daredevils,Delhi Daredevils,field,normal,0,Delhi Daredevils,0,5,G Gambhir
178,2010,Kolkata,3/14/2010,Royal Challengers Bangalore,Kolkata Knight Riders,Kolkata Knight Riders,field,normal,0,Kolkata Knight Riders,0,7,MK Tiwary
179,2010,Chennai,3/14/2010,Deccan Chargers,Chennai Super Kings,Deccan Chargers,bat,normal,0,Deccan Chargers,31,0,WPUJC Vaas
180,2010,Ahmedabad,3/15/2010,Rajasthan Royals,Delhi Daredevils,Delhi Daredevils,field,normal,0,Delhi Daredevils,0,6,V Sehwag
181,2010,Bangalore,3/16/2010,Kings XI Punjab,Royal Challengers Bangalore,Kings XI Punjab,bat,normal,0,Royal Challengers Bangalore,0,8,JH Kallis
182,2010,Kolkata,3/16/2010,Chennai Super Kings,Kolkata Knight Riders,Chennai Super Kings,bat,normal,0,Chennai Super Kings,55,0,MS Dhoni
183,2010,Delhi,3/17/2010,Mumbai Indians,Delhi Daredevils,Delhi Daredevils,field,normal,0,Mumbai Indians,98,0,SR Tendulkar
184,2010,Bangalore,3/18/2010,Rajasthan Royals,Royal Challengers Bangalore,Royal Challengers Bangalore,field,normal,0,Royal Challengers Bangalore,0,10,JH Kallis
185,2010,Delhi,3/19/2010,Delhi Daredevils,Chennai Super Kings,Delhi Daredevils,bat,normal,0,Chennai Super Kings,0,5,ML Hayden
186,2010,Cuttack,3/19/2010,Deccan Chargers,Kings XI Punjab,Kings XI Punjab,field,normal,0,Deccan Chargers,6,0,A Symonds
187,2010,Ahmedabad,3/20/2010,Rajasthan Royals,Kolkata Knight Riders,Rajasthan Royals,bat,normal,0,Rajasthan Royals,34,0,AA Jhunjhunwala
188,2010,Mumbai,3/20/2010,Mumbai Indians,Royal Challengers Bangalore,Mumbai Indians,bat,normal,0,Royal Challengers Bangalore,0,7,JH Kallis
189,2010,Cuttack,3/21/2010,Deccan Chargers,Delhi Daredevils,Deccan Chargers,bat,normal,0,Deccan Chargers,10,0,A Symonds
190,2010,Chennai,3/21/2010,Kings XI Punjab,Chennai Super Kings,Chennai Super Kings,field,tie,0,Kings XI Punjab,0,0,J Theron
191,2010,Mumbai,3/22/2010,Kolkata Knight Riders,Mumbai Indians,Kolkata Knight Riders,bat,normal,0,Mumbai Indians,0,7,SR Tendulkar
192,2010,Bangalore,3/23/2010,Royal Challengers Bangalore,Chennai Super Kings,Chennai Super Kings,field,normal,0,Royal Challengers Bangalore,36,0,RV Uthappa
193,2010,Chandigarh,3/24/2010,Rajasthan Royals,Kings XI Punjab,Kings XI Punjab,field,normal,0,Rajasthan Royals,31,0,AC Voges
194,2010,Mumbai,3/25/2010,Chennai Super Kings,Mumbai Indians,Mumbai Indians,field,normal,0,Mumbai Indians,0,5,SR Tendulkar
195,2010,Ahmedabad,3/26/2010,Deccan Chargers,Rajasthan Royals,Deccan Chargers,bat,normal,0,Rajasthan Royals,0,8,YK Pathan
196,2010,Chandigarh,3/27/2010,Kolkata Knight Riders,Kings XI Punjab,Kolkata Knight Riders,bat,normal,0,Kolkata Knight Riders,39,0,MK Tiwary
197,2010,Bangalore,3/25/2010,Delhi Daredevils,Royal Challengers Bangalore,Royal Challengers Bangalore,field,normal,0,Delhi Daredevils,17,0,KM Jadhav
198,2010,Ahmedabad,3/28/2010,Rajasthan Royals,Chennai Super Kings,Rajasthan Royals,bat,normal,0,Rajasthan Royals,17,0,NV Ojha
199,2010,Mumbai,3/28/2010,Mumbai Indians,Deccan Chargers,Deccan Chargers,field,normal,0,Mumbai Indians,41,0,Harbhajan Singh
200,2010,Delhi,3/29/2010,Delhi Daredevils,Kolkata Knight Riders,Delhi Daredevils,bat,normal,0,Delhi Daredevils,40,0,DA Warner
201,2010,Mumbai,3/30/2010,Kings XI Punjab,Mumbai Indians,Mumbai Indians,field,normal,0,Mumbai Indians,0,4,SL Malinga
202,2010,Chennai,3/31/2010,Royal Challengers Bangalore,Chennai Super Kings,Royal Challengers Bangalore,bat,normal,0,Chennai Super Kings,0,5,M Vijay
203,2010,Delhi,3/31/2010,Delhi Daredevils,Rajasthan Royals,Delhi Daredevils,bat,normal,0,Delhi Daredevils,67,0,KD Karthik
204,2010,Kolkata,4/1/2010,Kolkata Knight Riders,Deccan Chargers,Kolkata Knight Riders,bat,normal,0,Kolkata Knight Riders,24,0,SC Ganguly
205,2010,Chandigarh,4/2/2010,Kings XI Punjab,Royal Challengers Bangalore,Kings XI Punjab,bat,normal,0,Royal Challengers Bangalore,0,6,KP Pietersen
206,2010,Chennai,4/3/2010,Chennai Super Kings,Rajasthan Royals,Chennai Super Kings,bat,normal,0,Chennai Super Kings,23,0,M Vijay
207,2010,Mumbai,4/3/2010,Mumbai Indians,Deccan Chargers,Mumbai Indians,bat,normal,0,Mumbai Indians,63,0,AT Rayudu
208,2010,Kolkata,4/4/2010,Kolkata Knight Riders,Kings XI Punjab,Kolkata Knight Riders,bat,normal,0,Kings XI Punjab,0,8,DPMD Jayawardene
209,2010,Delhi,4/4/2010,Delhi Daredevils,Royal Challengers Bangalore,Delhi Daredevils,bat,normal,0,Delhi Daredevils,37,0,PD Collingwood
210,2010,Nagpur,4/5/2010,Rajasthan Royals,Deccan Chargers,Rajasthan Royals,bat,normal,0,Rajasthan Royals,2,0,SK Warne
211,2010,Chennai,4/6/2010,Chennai Super Kings,Mumbai Indians,Chennai Super Kings,bat,normal,0,Chennai Super Kings,24,0,SK Raina
212,2010,Jaipur,4/7/2010,Kings XI Punjab,Rajasthan Royals,Kings XI Punjab,bat,normal,0,Rajasthan Royals,0,9,MJ Lumb
213,2010,Kolkata,4/7/2010,Kolkata Knight Riders,Delhi Daredevils,Kolkata Knight Riders,bat,normal,0,Kolkata Knight Riders,14,0,SC Ganguly
214,2010,Bangalore,4/8/2010,Royal Challengers Bangalore,Deccan Chargers,Deccan Chargers,field,normal,0,Deccan Chargers,0,7,TL Suman
215,2010,Chandigarh,4/9/2010,Mumbai Indians,Kings XI Punjab,Mumbai Indians,bat,normal,0,Kings XI Punjab,0,6,KC Sangakkara
216,2010,Nagpur,4/10/2010,Chennai Super Kings,Deccan Chargers,Chennai Super Kings,bat,normal,0,Deccan Chargers,0,6,RJ Harris
217,2010,Bangalore,4/10/2010,Kolkata Knight Riders,Royal Challengers Bangalore,Royal Challengers Bangalore,field,normal,0,Royal Challengers Bangalore,0,7,R Vinay Kumar
218,2010,Delhi,4/11/2010,Delhi Daredevils,Kings XI Punjab,Delhi Daredevils,bat,normal,0,Kings XI Punjab,0,7,PP Chawla
219,2010,Jaipur,4/11/2010,Mumbai Indians,Rajasthan Royals,Rajasthan Royals,field,normal,0,Mumbai Indians,37,0,SR Tendulkar
220,2010,Nagpur,4/12/2010,Deccan Chargers,Royal Challengers Bangalore,Royal Challengers Bangalore,field,normal,0,Deccan Chargers,13,0,Harmeet Singh
221,2010,Mumbai,4/13/2010,Mumbai Indians,Delhi Daredevils,Mumbai Indians,bat,normal,0,Mumbai Indians,39,0,KA Pollard
222,2010,Chennai,4/13/2010,Kolkata Knight Riders,Chennai Super Kings,Kolkata Knight Riders,bat,normal,0,Chennai Super Kings,0,9,R Ashwin
223,2010,Jaipur,4/14/2010,Rajasthan Royals,Royal Challengers Bangalore,Rajasthan Royals,bat,normal,0,Royal Challengers Bangalore,0,5,KP Pietersen
224,2010,Chennai,4/15/2010,Chennai Super Kings,Delhi Daredevils,Chennai Super Kings,bat,normal,0,Delhi Daredevils,0,6,G Gambhir
225,2010,Dharamsala,4/16/2010,Kings XI Punjab,Deccan Chargers,Deccan Chargers,field,normal,0,Deccan Chargers,0,5,RG Sharma
226,2010,Bangalore,4/17/2010,Mumbai Indians,Royal Challengers Bangalore,Royal Challengers Bangalore,field,normal,0,Mumbai Indians,57,0,R McLaren
227,2010,Kolkata,4/17/2010,Rajasthan Royals,Kolkata Knight Riders,Rajasthan Royals,bat,normal,0,Kolkata Knight Riders,0,8,JD Unadkat
228,2010,Dharamsala,4/18/2010,Kings XI Punjab,Chennai Super Kings,Chennai Super Kings,field,normal,0,Chennai Super Kings,0,6,MS Dhoni
229,2010,Delhi,4/18/2010,Deccan Chargers,Delhi Daredevils,Deccan Chargers,bat,normal,0,Deccan Chargers,11,0,A Symonds
230,2010,Kolkata,4/19/2010,Mumbai Indians,Kolkata Knight Riders,Mumbai Indians,bat,normal,0,Kolkata Knight Riders,0,9,M Kartik
231,2010,Mumbai,4/21/2010,Mumbai Indians,Royal Challengers Bangalore,Mumbai Indians,bat,normal,0,Mumbai Indians,35,0,KA Pollard
232,2010,Mumbai,4/22/2010,Chennai Super Kings,Deccan Chargers,Chennai Super Kings,bat,normal,0,Chennai Super Kings,38,0,DE Bollinger
233,2010,Mumbai,4/24/2010,Deccan Chargers,Royal Challengers Bangalore,Deccan Chargers,bat,normal,0,Royal Challengers Bangalore,0,9,A Kumble
234,2010,Mumbai,4/25/2010,Chennai Super Kings,Mumbai Indians,Chennai Super Kings,bat,normal,0,Chennai Super Kings,22,0,SK Raina
235,2011,Chennai,4/8/2011,Chennai Super Kings,Kolkata Knight Riders,Chennai Super Kings,bat,normal,0,Chennai Super Kings,2,0,S Anirudha
236,2011,Hyderabad,4/9/2011,Deccan Chargers,Rajasthan Royals,Rajasthan Royals,field,normal,0,Rajasthan Royals,0,8,SK Trivedi
237,2011,Kochi,4/9/2011,Kochi Tuskers Kerala,Royal Challengers Bangalore,Kochi Tuskers Kerala,bat,normal,0,Royal Challengers Bangalore,0,6,AB de Villiers
238,2011,Delhi,4/10/2011,Delhi Daredevils,Mumbai Indians,Delhi Daredevils,bat,normal,0,Mumbai Indians,0,8,SL Malinga
239,2011,Mumbai,4/10/2011,Kings XI Punjab,Pune Warriors,Kings XI Punjab,bat,normal,0,Pune Warriors,0,7,SB Wagh
240,2011,Kolkata,4/11/2011,Kolkata Knight Riders,Deccan Chargers,Kolkata Knight Riders,bat,normal,0,Kolkata Knight Riders,9,0,JH Kallis
241,2011,Jaipur,4/12/2011,Delhi Daredevils,Rajasthan Royals,Delhi Daredevils,bat,normal,0,Rajasthan Royals,0,6,SK Warne
242,2011,Bangalore,4/12/2011,Royal Challengers Bangalore,Mumbai Indians,Mumbai Indians,field,normal,0,Mumbai Indians,0,9,SR Tendulkar
243,2011,Chandigarh,4/13/2011,Chennai Super Kings,Kings XI Punjab,Kings XI Punjab,field,normal,0,Kings XI Punjab,0,6,PC Valthaty
244,2011,Mumbai,4/13/2011,Kochi Tuskers Kerala,Pune Warriors,Kochi Tuskers Kerala,bat,normal,0,Pune Warriors,0,4,MD Mishra
245,2011,Hyderabad,4/14/2011,Deccan Chargers,Royal Challengers Bangalore,Royal Challengers Bangalore,field,normal,0,Deccan Chargers,33,0,DW Steyn
246,2011,Jaipur,4/15/2011,Rajasthan Royals,Kolkata Knight Riders,Kolkata Knight Riders,field,normal,0,Kolkata Knight Riders,0,9,G Gambhir
247,2011,Mumbai,4/15/2011,Mumbai Indians,Kochi Tuskers Kerala,Kochi Tuskers Kerala,field,normal,0,Kochi Tuskers Kerala,0,8,BB McCullum
248,2011,Chennai,4/16/2011,Chennai Super Kings,Royal Challengers Bangalore,Chennai Super Kings,bat,normal,0,Chennai Super Kings,21,0,MEK Hussey
249,2011,Hyderabad,4/16/2011,Deccan Chargers,Kings XI Punjab,Kings XI Punjab,field,normal,0,Kings XI Punjab,0,8,PC Valthaty
250,2011,Mumbai,4/17/2011,Pune Warriors,Delhi Daredevils,Delhi Daredevils,field,normal,0,Delhi Daredevils,0,3,Yuvraj Singh
251,2011,Kolkata,4/17/2011,Rajasthan Royals,Kolkata Knight Riders,Kolkata Knight Riders,field,normal,0,Kolkata Knight Riders,0,8,L Balaji
252,2011,Kochi,4/18/2011,Chennai Super Kings,Kochi Tuskers Kerala,Kochi Tuskers Kerala,field,normal,1,Kochi Tuskers Kerala,0,7,BB McCullum
253,2011,Delhi,4/19/2011,Deccan Chargers,Delhi Daredevils,Deccan Chargers,bat,normal,0,Deccan Chargers,16,0,S Sohal
254,2011,Mumbai,4/20/2011,Pune Warriors,Mumbai Indians,Pune Warriors,bat,normal,0,Mumbai Indians,0,7,MM Patel
255,2011,Kolkata,4/20/2011,Kochi Tuskers Kerala,Kolkata Knight Riders,Kolkata Knight Riders,field,normal,0,Kochi Tuskers Kerala,6,0,DPMD Jayawardene
256,2011,Chandigarh,4/21/2011,Kings XI Punjab,Rajasthan Royals,Rajasthan Royals,field,normal,0,Kings XI Punjab,48,0,SE Marsh
257,2011,Mumbai,4/22/2011,Mumbai Indians,Chennai Super Kings,Chennai Super Kings,field,normal,0,Mumbai Indians,8,0,Harbhajan Singh
258,2011,Kolkata,4/22/2011,Kolkata Knight Riders,Royal Challengers Bangalore,Royal Challengers Bangalore,field,normal,0,Royal Challengers Bangalore,0,9,CH Gayle
259,2011,Delhi,4/23/2011,Delhi Daredevils,Kings XI Punjab,Kings XI Punjab,field,normal,0,Delhi Daredevils,29,0,DA Warner
260,2011,Hyderabad,4/24/2011,Mumbai Indians,Deccan Chargers,Deccan Chargers,field,normal,0,Mumbai Indians,37,0,SL Malinga
261,2011,Jaipur,4/24/2011,Kochi Tuskers Kerala,Rajasthan Royals,Rajasthan Royals,field,normal,0,Rajasthan Royals,0,8,SK Warne
262,2011,Chennai,4/25/2011,Chennai Super Kings,Pune Warriors,Pune Warriors,field,normal,0,Chennai Super Kings,25,0,MEK Hussey
263,2011,Delhi,4/26/2011,Delhi Daredevils,Royal Challengers Bangalore,Royal Challengers Bangalore,field,normal,0,Royal Challengers Bangalore,0,3,V Kohli
264,2011,Mumbai,4/27/2011,Pune Warriors,Chennai Super Kings,Pune Warriors,bat,normal,0,Chennai Super Kings,0,8,DE Bollinger
265,2011,Kochi,4/27/2011,Deccan Chargers,Kochi Tuskers Kerala,Kochi Tuskers Kerala,field,normal,0,Deccan Chargers,55,0,I Sharma
266,2011,Delhi,4/28/2011,Kolkata Knight Riders,Delhi Daredevils,Delhi Daredevils,field,normal,0,Kolkata Knight Riders,17,0,MK Tiwary
267,2011,Jaipur,4/29/2011,Mumbai Indians,Rajasthan Royals,Rajasthan Royals,field,normal,0,Rajasthan Royals,0,7,J Botha
268,2011,Bangalore,4/29/2011,Royal Challengers Bangalore,Pune Warriors,Pune Warriors,field,normal,0,Royal Challengers Bangalore,26,0,V Kohli
269,2011,Kochi,4/30/2011,Delhi Daredevils,Kochi Tuskers Kerala,Delhi Daredevils,bat,normal,0,Delhi Daredevils,38,0,V Sehwag
270,2011,Kolkata,4/30/2011,Kings XI Punjab,Kolkata Knight Riders,Kolkata Knight Riders,field,normal,0,Kolkata Knight Riders,0,8,Iqbal Abdulla
271,2011,Jaipur,5/1/2011,Pune Warriors,Rajasthan Royals,Rajasthan Royals,field,normal,0,Rajasthan Royals,0,6,LRPL Taylor
272,2011,Chennai,5/1/2011,Chennai Super Kings,Deccan Chargers,Chennai Super Kings,bat,normal,0,Chennai Super Kings,19,0,JA Morkel
273,2011,Mumbai,5/2/2011,Mumbai Indians,Kings XI Punjab,Kings XI Punjab,field,normal,0,Mumbai Indians,23,0,KA Pollard
274,2011,Delhi,5/2/2011,Delhi Daredevils,Kochi Tuskers Kerala,Kochi Tuskers Kerala,field,normal,0,Kochi Tuskers Kerala,0,7,P Parameswaran
275,2011,Hyderabad,5/3/2011,Kolkata Knight Riders,Deccan Chargers,Deccan Chargers,field,normal,0,Kolkata Knight Riders,20,0,YK Pathan
276,2011,Chennai,5/4/2011,Rajasthan Royals,Chennai Super Kings,Rajasthan Royals,bat,normal,0,Chennai Super Kings,0,8,MEK Hussey
277,2011,Mumbai,5/4/2011,Mumbai Indians,Pune Warriors,Pune Warriors,field,normal,0,Mumbai Indians,21,0,R Sharma
278,2011,Kochi,5/5/2011,Kochi Tuskers Kerala,Kolkata Knight Riders,Kolkata Knight Riders,field,normal,0,Kochi Tuskers Kerala,17,0,BJ Hodge
279,2011,Hyderabad,5/5/2011,Deccan Chargers,Delhi Daredevils,Delhi Daredevils,field,normal,0,Delhi Daredevils,0,4,V Sehwag
280,2011,Bangalore,5/6/2011,Royal Challengers Bangalore,Kings XI Punjab,Kings XI Punjab,field,normal,0,Royal Challengers Bangalore,85,0,CH Gayle
281,2011,Kolkata,5/7/2011,Chennai Super Kings,Kolkata Knight Riders,Chennai Super Kings,bat,normal,1,Kolkata Knight Riders,10,0,Iqbal Abdulla
282,2011,Mumbai,5/7/2011,Mumbai Indians,Delhi Daredevils,Delhi Daredevils,field,normal,0,Mumbai Indians,32,0,AT Rayudu
283,2011,Bangalore,5/8/2011,Kochi Tuskers Kerala,Royal Challengers Bangalore,Kochi Tuskers Kerala,bat,normal,0,Royal Challengers Bangalore,0,9,CH Gayle
284,2011,Chandigarh,5/8/2011,Kings XI Punjab,Pune Warriors,Kings XI Punjab,bat,normal,0,Pune Warriors,0,5,R Sharma
285,2011,Jaipur,5/9/2011,Chennai Super Kings,Rajasthan Royals,Rajasthan Royals,field,normal,0,Chennai Super Kings,63,0,M Vijay
286,2011,Hyderabad,5/10/2011,Deccan Chargers,Pune Warriors,Deccan Chargers,bat,normal,0,Pune Warriors,0,6,MR Marsh
287,2011,Chandigarh,5/10/2011,Kings XI Punjab,Mumbai Indians,Mumbai Indians,field,normal,0,Kings XI Punjab,76,0,BA Bhatt
288,2011,Jaipur,5/11/2011,Rajasthan Royals,Royal Challengers Bangalore,Royal Challengers Bangalore,field,normal,0,Royal Challengers Bangalore,0,9,S Aravind
289,2011,Chennai,5/12/2011,Chennai Super Kings,Delhi Daredevils,Chennai Super Kings,bat,normal,0,Chennai Super Kings,18,0,MS Dhoni
290,2011,Indore,5/13/2011,Kochi Tuskers Kerala,Kings XI Punjab,Kings XI Punjab,field,normal,0,Kings XI Punjab,0,6,KD Karthik
291,2011,Bangalore,5/14/2011,Kolkata Knight Riders,Royal Challengers Bangalore,Royal Challengers Bangalore,field,normal,1,Royal Challengers Bangalore,0,4,CH Gayle
292,2011,Mumbai,5/14/2011,Deccan Chargers,Mumbai Indians,Deccan Chargers,bat,normal,0,Deccan Chargers,10,0,A Mishra
293,2011,Dharamsala,5/15/2011,Kings XI Punjab,Delhi Daredevils,Delhi Daredevils,field,normal,0,Kings XI Punjab,29,0,PP Chawla
294,2011,Indore,5/15/2011,Rajasthan Royals,Kochi Tuskers Kerala,Kochi Tuskers Kerala,field,normal,0,Kochi Tuskers Kerala,0,8,BJ Hodge
295,2011,Mumbai,5/16/2011,Pune Warriors,Deccan Chargers,Deccan Chargers,field,normal,0,Deccan Chargers,0,6,A Mishra
296,2011,Dharamsala,5/17/2011,Kings XI Punjab,Royal Challengers Bangalore,Kings XI Punjab,bat,normal,0,Kings XI Punjab,111,0,AC Gilchrist
297,2011,Chennai,5/18/2011,Chennai Super Kings,Kochi Tuskers Kerala,Chennai Super Kings,bat,normal,0,Chennai Super Kings,11,0,WP Saha
298,2011,Mumbai,5/19/2011,Pune Warriors,Kolkata Knight Riders,Kolkata Knight Riders,field,normal,0,Kolkata Knight Riders,0,7,YK Pathan
299,2011,Mumbai,5/20/2011,Mumbai Indians,Rajasthan Royals,Mumbai Indians,bat,normal,0,Rajasthan Royals,0,10,SR Watson
300,2011,Dharamsala,5/21/2011,Deccan Chargers,Kings XI Punjab,Kings XI Punjab,field,normal,0,Deccan Chargers,82,0,S Dhawan
301,2011,Delhi,5/21/2011,Delhi Daredevils,Pune Warriors,Delhi Daredevils,bat,no result,0,None,0,0,None
302,2011,Bangalore,5/22/2011,Chennai Super Kings,Royal Challengers Bangalore,Royal Challengers Bangalore,field,normal,0,Royal Challengers Bangalore,0,8,CH Gayle
303,2011,Kolkata,5/22/2011,Kolkata Knight Riders,Mumbai Indians,Mumbai Indians,field,normal,0,Mumbai Indians,0,5,JEC Franklin
304,2011,Mumbai,5/24/2011,Royal Challengers Bangalore,Chennai Super Kings,Chennai Super Kings,field,normal,0,Chennai Super Kings,0,6,SK Raina
305,2011,Mumbai,5/25/2011,Kolkata Knight Riders,Mumbai Indians,Mumbai Indians,field,normal,0,Mumbai Indians,0,4,MM Patel
306,2011,Chennai,5/27/2011,Royal Challengers Bangalore,Mumbai Indians,Mumbai Indians,field,normal,0,Royal Challengers Bangalore,43,0,CH Gayle
307,2011,Chennai,5/28/2011,Chennai Super Kings,Royal Challengers Bangalore,Chennai Super Kings,bat,normal,0,Chennai Super Kings,58,0,M Vijay
308,2012,Chennai,4/4/2012,Chennai Super Kings,Mumbai Indians,Mumbai Indians,field,normal,0,Mumbai Indians,0,8,RE Levi
309,2012,Kolkata,4/5/2012,Kolkata Knight Riders,Delhi Daredevils,Delhi Daredevils,field,normal,0,Delhi Daredevils,0,8,IK Pathan
310,2012,Mumbai,4/6/2012,Pune Warriors,Mumbai Indians,Mumbai Indians,field,normal,0,Pune Warriors,28,0,SPD Smith
311,2012,Jaipur,4/6/2012,Rajasthan Royals,Kings XI Punjab,Kings XI Punjab,field,normal,0,Rajasthan Royals,31,0,AM Rahane
312,2012,Bangalore,4/7/2012,Royal Challengers Bangalore,Delhi Daredevils,Delhi Daredevils,field,normal,0,Royal Challengers Bangalore,20,0,AB de Villiers
313,2012,Visakhapatnam,4/7/2012,Chennai Super Kings,Deccan Chargers,Deccan Chargers,field,normal,0,Chennai Super Kings,74,0,RA Jadeja
314,2012,Jaipur,4/8/2012,Rajasthan Royals,Kolkata Knight Riders,Kolkata Knight Riders,field,normal,0,Rajasthan Royals,22,0,BJ Hodge
315,2012,Pune,4/8/2012,Pune Warriors,Kings XI Punjab,Pune Warriors,bat,normal,0,Pune Warriors,22,0,MN Samuels
316,2012,Visakhapatnam,4/9/2012,Deccan Chargers,Mumbai Indians,Deccan Chargers,bat,normal,0,Mumbai Indians,0,5,RG Sharma
317,2012,Bangalore,4/10/2012,Kolkata Knight Riders,Royal Challengers Bangalore,Royal Challengers Bangalore,field,normal,0,Kolkata Knight Riders,42,0,L Balaji
318,2012,Delhi,4/10/2012,Chennai Super Kings,Delhi Daredevils,Delhi Daredevils,field,normal,0,Delhi Daredevils,0,8,M Morkel
319,2012,Mumbai,4/11/2012,Mumbai Indians,Rajasthan Royals,Rajasthan Royals,field,normal,0,Mumbai Indians,27,0,KA Pollard
320,2012,Chennai,4/12/2012,Royal Challengers Bangalore,Chennai Super Kings,Royal Challengers Bangalore,bat,normal,0,Chennai Super Kings,0,5,F du Plessis
321,2012,Chandigarh,4/12/2012,Pune Warriors,Kings XI Punjab,Kings XI Punjab,field,normal,0,Kings XI Punjab,0,7,AD Mascarenhas
322,2012,Kolkata,4/13/2012,Rajasthan Royals,Kolkata Knight Riders,Rajasthan Royals,bat,normal,0,Kolkata Knight Riders,0,5,Shakib Al Hasan
323,2012,Delhi,4/19/2012,Deccan Chargers,Delhi Daredevils,Deccan Chargers,bat,normal,0,Delhi Daredevils,0,5,KP Pietersen
324,2012,Pune,4/14/2012,Chennai Super Kings,Pune Warriors,Chennai Super Kings,bat,normal,0,Pune Warriors,0,7,JD Ryder
325,2012,Kolkata,4/15/2012,Kings XI Punjab,Kolkata Knight Riders,Kolkata Knight Riders,field,normal,0,Kings XI Punjab,2,0,SP Narine
326,2012,Bangalore,4/15/2012,Rajasthan Royals,Royal Challengers Bangalore,Rajasthan Royals,bat,normal,0,Rajasthan Royals,59,0,AM Rahane
327,2012,Mumbai,4/16/2012,Mumbai Indians,Delhi Daredevils,Delhi Daredevils,field,normal,0,Delhi Daredevils,0,7,S Nadeem
328,2012,Jaipur,4/17/2012,Deccan Chargers,Rajasthan Royals,Deccan Chargers,bat,normal,0,Rajasthan Royals,0,5,BJ Hodge
329,2012,Bangalore,4/17/2012,Pune Warriors,Royal Challengers Bangalore,Pune Warriors,bat,normal,0,Royal Challengers Bangalore,0,6,CH Gayle
330,2012,Chandigarh,4/18/2012,Kings XI Punjab,Kolkata Knight Riders,Kings XI Punjab,bat,normal,0,Kolkata Knight Riders,0,8,G Gambhir
331,2012,Hyderabad,5/10/2012,Deccan Chargers,Delhi Daredevils,Deccan Chargers,bat,normal,0,Delhi Daredevils,0,9,DA Warner
332,2012,Chennai,4/19/2012,Chennai Super Kings,Pune Warriors,Pune Warriors,field,normal,0,Chennai Super Kings,13,0,KMDN Kulasekara
333,2012,Chandigarh,4/20/2012,Kings XI Punjab,Royal Challengers Bangalore,Royal Challengers Bangalore,field,normal,0,Royal Challengers Bangalore,0,5,CH Gayle
334,2012,Chennai,4/21/2012,Rajasthan Royals,Chennai Super Kings,Rajasthan Royals,bat,normal,0,Chennai Super Kings,0,7,F du Plessis
335,2012,Delhi,4/21/2012,Pune Warriors,Delhi Daredevils,Delhi Daredevils,field,normal,0,Pune Warriors,20,0,SC Ganguly
336,2012,Mumbai,4/22/2012,Mumbai Indians,Kings XI Punjab,Mumbai Indians,bat,normal,0,Kings XI Punjab,0,6,SE Marsh
337,2012,Cuttack,4/22/2012,Deccan Chargers,Kolkata Knight Riders,Kolkata Knight Riders,field,normal,0,Kolkata Knight Riders,0,5,B Lee
338,2012,Jaipur,4/23/2012,Royal Challengers Bangalore,Rajasthan Royals,Rajasthan Royals,field,normal,0,Royal Challengers Bangalore,46,0,AB de Villiers
339,2012,Pune,4/24/2012,Pune Warriors,Delhi Daredevils,Pune Warriors,bat,normal,0,Delhi Daredevils,0,8,V Sehwag
340,2012,Chandigarh,4/25/2012,Kings XI Punjab,Mumbai Indians,Kings XI Punjab,bat,normal,0,Mumbai Indians,0,4,AT Rayudu
341,2012,Pune,4/26/2012,Deccan Chargers,Pune Warriors,Deccan Chargers,bat,normal,0,Deccan Chargers,18,0,CL White
342,2012,Delhi,4/27/2012,Delhi Daredevils,Mumbai Indians,Mumbai Indians,field,normal,0,Delhi Daredevils,37,0,V Sehwag
343,2012,Chennai,4/28/2012,Kings XI Punjab,Chennai Super Kings,Kings XI Punjab,bat,normal,0,Kings XI Punjab,7,0,Mandeep Singh
344,2012,Kolkata,4/28/2012,Kolkata Knight Riders,Royal Challengers Bangalore,Kolkata Knight Riders,bat,normal,0,Kolkata Knight Riders,47,0,G Gambhir
345,2012,Delhi,4/29/2012,Delhi Daredevils,Rajasthan Royals,Delhi Daredevils,bat,normal,0,Delhi Daredevils,1,0,V Sehwag
346,2012,Mumbai,4/29/2012,Deccan Chargers,Mumbai Indians,Mumbai Indians,field,normal,0,Mumbai Indians,0,5,DW Steyn
347,2012,Chennai,4/30/2012,Chennai Super Kings,Kolkata Knight Riders,Chennai Super Kings,bat,normal,0,Kolkata Knight Riders,0,5,G Gambhir
348,2012,Cuttack,5/1/2012,Deccan Chargers,Pune Warriors,Deccan Chargers,bat,normal,0,Deccan Chargers,13,0,KC Sangakkara
349,2012,Jaipur,5/1/2012,Rajasthan Royals,Delhi Daredevils,Rajasthan Royals,bat,normal,0,Delhi Daredevils,0,6,P Negi
350,2012,Bangalore,5/2/2012,Royal Challengers Bangalore,Kings XI Punjab,Kings XI Punjab,field,normal,0,Kings XI Punjab,0,4,Azhar Mahmood
351,2012,Pune,5/3/2012,Mumbai Indians,Pune Warriors,Mumbai Indians,bat,normal,0,Mumbai Indians,1,0,SL Malinga
352,2012,Chennai,5/4/2012,Chennai Super Kings,Deccan Chargers,Chennai Super Kings,bat,normal,0,Chennai Super Kings,10,0,SK Raina
353,2012,Kolkata,5/5/2012,Kolkata Knight Riders,Pune Warriors,Kolkata Knight Riders,bat,normal,0,Kolkata Knight Riders,7,0,SP Narine
354,2012,Chandigarh,5/5/2012,Rajasthan Royals,Kings XI Punjab,Rajasthan Royals,bat,normal,0,Rajasthan Royals,43,0,SR Watson
355,2012,Mumbai,5/6/2012,Chennai Super Kings,Mumbai Indians,Mumbai Indians,field,normal,0,Mumbai Indians,0,2,DR Smith
356,2012,Bangalore,5/6/2012,Deccan Chargers,Royal Challengers Bangalore,Royal Challengers Bangalore,field,normal,0,Royal Challengers Bangalore,0,5,AB de Villiers
357,2012,Delhi,5/7/2012,Delhi Daredevils,Kolkata Knight Riders,Delhi Daredevils,bat,normal,0,Kolkata Knight Riders,0,6,JH Kallis
358,2012,Pune,5/8/2012,Pune Warriors,Rajasthan Royals,Pune Warriors,bat,normal,0,Rajasthan Royals,0,7,SR Watson
359,2012,Hyderabad,5/8/2012,Kings XI Punjab,Deccan Chargers,Deccan Chargers,field,normal,0,Kings XI Punjab,25,0,Mandeep Singh
360,2012,Mumbai,5/9/2012,Mumbai Indians,Royal Challengers Bangalore,Royal Challengers Bangalore,field,normal,0,Royal Challengers Bangalore,0,9,CH Gayle
361,2012,Jaipur,5/10/2012,Rajasthan Royals,Chennai Super Kings,Chennai Super Kings,field,normal,0,Chennai Super Kings,0,4,BW Hilfenhaus
362,2012,Pune,5/11/2012,Royal Challengers Bangalore,Pune Warriors,Pune Warriors,field,normal,0,Royal Challengers Bangalore,35,0,CH Gayle
363,2012,Kolkata,5/12/2012,Mumbai Indians,Kolkata Knight Riders,Mumbai Indians,bat,normal,0,Mumbai Indians,27,0,RG Sharma
364,2012,Chennai,5/12/2012,Delhi Daredevils,Chennai Super Kings,Chennai Super Kings,field,normal,0,Chennai Super Kings,0,9,BW Hilfenhaus
365,2012,Jaipur,5/13/2012,Rajasthan Royals,Pune Warriors,Rajasthan Royals,bat,normal,0,Rajasthan Royals,45,0,A Chandila
366,2012,Chandigarh,5/13/2012,Deccan Chargers,Kings XI Punjab,Deccan Chargers,bat,normal,0,Kings XI Punjab,0,4,DJ Hussey
367,2012,Bangalore,5/14/2012,Royal Challengers Bangalore,Mumbai Indians,Mumbai Indians,field,normal,0,Mumbai Indians,0,5,AT Rayudu
368,2012,Kolkata,5/14/2012,Kolkata Knight Riders,Chennai Super Kings,Chennai Super Kings,field,normal,0,Chennai Super Kings,0,5,MEK Hussey
369,2012,Delhi,5/15/2012,Kings XI Punjab,Delhi Daredevils,Kings XI Punjab,bat,normal,0,Delhi Daredevils,0,5,UT Yadav
370,2012,Mumbai,5/16/2012,Kolkata Knight Riders,Mumbai Indians,Mumbai Indians,field,normal,0,Kolkata Knight Riders,32,0,SP Narine
371,2012,Dharamsala,5/17/2012,Chennai Super Kings,Kings XI Punjab,Kings XI Punjab,field,normal,0,Kings XI Punjab,0,6,AC Gilchrist
372,2012,Delhi,5/17/2012,Royal Challengers Bangalore,Delhi Daredevils,Delhi Daredevils,field,normal,0,Royal Challengers Bangalore,21,0,CH Gayle
373,2012,Hyderabad,5/18/2012,Rajasthan Royals,Deccan Chargers,Rajasthan Royals,bat,normal,0,Deccan Chargers,0,5,DW Steyn
374,2012,Dharamsala,5/19/2012,Kings XI Punjab,Delhi Daredevils,Delhi Daredevils,field,normal,0,Delhi Daredevils,0,6,UT Yadav
375,2012,Pune,5/19/2012,Kolkata Knight Riders,Pune Warriors,Kolkata Knight Riders,bat,normal,0,Kolkata Knight Riders,34,0,Shakib Al Hasan
376,2012,Hyderabad,5/20/2012,Deccan Chargers,Royal Challengers Bangalore,Royal Challengers Bangalore,field,normal,0,Deccan Chargers,9,0,DW Steyn
377,2012,Jaipur,5/20/2012,Rajasthan Royals,Mumbai Indians,Rajasthan Royals,bat,normal,0,Mumbai Indians,0,10,DR Smith
378,2012,Pune,5/22/2012,Kolkata Knight Riders,Delhi Daredevils,Kolkata Knight Riders,bat,normal,0,Kolkata Knight Riders,18,0,YK Pathan
379,2012,Bangalore,5/23/2012,Chennai Super Kings,Mumbai Indians,Mumbai Indians,field,normal,0,Chennai Super Kings,38,0,MS Dhoni
380,2012,Chennai,5/25/2012,Chennai Super Kings,Delhi Daredevils,Delhi Daredevils,field,normal,0,Chennai Super Kings,86,0,M Vijay
381,2012,Chennai,5/27/2012,Chennai Super Kings,Kolkata Knight Riders,Chennai Super Kings,bat,normal,0,Kolkata Knight Riders,0,5,MS Bisla
382,2013,Kolkata,4/3/2013,Delhi Daredevils,Kolkata Knight Riders,Kolkata Knight Riders,field,normal,0,Kolkata Knight Riders,0,6,SP Narine
383,2013,Bangalore,4/4/2013,Royal Challengers Bangalore,Mumbai Indians,Mumbai Indians,field,normal,0,Royal Challengers Bangalore,2,0,CH Gayle
384,2013,Hyderabad,4/5/2013,Sunrisers Hyderabad,Pune Warriors,Pune Warriors,field,normal,0,Sunrisers Hyderabad,22,0,A Mishra
385,2013,Delhi,4/6/2013,Rajasthan Royals,Delhi Daredevils,Rajasthan Royals,bat,normal,0,Rajasthan Royals,5,0,R Dravid
386,2013,Chennai,4/6/2013,Mumbai Indians,Chennai Super Kings,Mumbai Indians,bat,normal,0,Mumbai Indians,9,0,KA Pollard
387,2013,Pune,4/7/2013,Pune Warriors,Kings XI Punjab,Pune Warriors,bat,normal,0,Kings XI Punjab,0,8,M Vohra
388,2013,Hyderabad,4/7/2013,Royal Challengers Bangalore,Sunrisers Hyderabad,Royal Challengers Bangalore,bat,tie,0,Sunrisers Hyderabad,0,0,GH Vihari
389,2013,Jaipur,4/8/2013,Rajasthan Royals,Kolkata Knight Riders,Kolkata Knight Riders,field,normal,0,Rajasthan Royals,19,0,SK Trivedi
390,2013,Mumbai,4/9/2013,Mumbai Indians,Delhi Daredevils,Mumbai Indians,bat,normal,0,Mumbai Indians,44,0,KD Karthik
391,2013,Chandigarh,4/10/2013,Kings XI Punjab,Chennai Super Kings,Chennai Super Kings,field,normal,0,Chennai Super Kings,0,10,MEK Hussey
392,2013,Bangalore,4/11/2013,Kolkata Knight Riders,Royal Challengers Bangalore,Royal Challengers Bangalore,field,normal,0,Royal Challengers Bangalore,0,8,CH Gayle
393,2013,Pune,4/11/2013,Rajasthan Royals,Pune Warriors,Rajasthan Royals,bat,normal,0,Pune Warriors,0,7,AJ Finch
394,2013,Delhi,4/12/2013,Delhi Daredevils,Sunrisers Hyderabad,Delhi Daredevils,bat,normal,0,Sunrisers Hyderabad,0,3,A Mishra
395,2013,Mumbai,4/13/2013,Mumbai Indians,Pune Warriors,Mumbai Indians,bat,normal,0,Mumbai Indians,41,0,RG Sharma
396,2013,Chennai,4/13/2013,Royal Challengers Bangalore,Chennai Super Kings,Chennai Super Kings,field,normal,0,Chennai Super Kings,0,4,RA Jadeja
397,2013,Kolkata,4/14/2013,Kolkata Knight Riders,Sunrisers Hyderabad,Kolkata Knight Riders,bat,normal,0,Kolkata Knight Riders,48,0,G Gambhir
398,2013,Jaipur,4/14/2013,Kings XI Punjab,Rajasthan Royals,Rajasthan Royals,field,normal,0,Rajasthan Royals,0,6,JP Faulkner
399,2013,Chennai,4/15/2013,Pune Warriors,Chennai Super Kings,Pune Warriors,bat,normal,0,Pune Warriors,24,0,SPD Smith
400,2013,Chandigarh,4/16/2013,Kings XI Punjab,Kolkata Knight Riders,Kolkata Knight Riders,field,normal,0,Kings XI Punjab,4,0,MS Gony
401,2013,Bangalore,4/16/2013,Delhi Daredevils,Royal Challengers Bangalore,Royal Challengers Bangalore,field,tie,0,Royal Challengers Bangalore,0,0,V Kohli
402,2013,Pune,4/17/2013,Sunrisers Hyderabad,Pune Warriors,Pune Warriors,field,normal,0,Sunrisers Hyderabad,11,0,A Mishra
403,2013,Jaipur,4/17/2013,Rajasthan Royals,Mumbai Indians,Rajasthan Royals,bat,normal,0,Rajasthan Royals,87,0,AM Rahane
404,2013,Delhi,4/18/2013,Chennai Super Kings,Delhi Daredevils,Chennai Super Kings,bat,normal,0,Chennai Super Kings,86,0,MEK Hussey
405,2013,Hyderabad,4/19/2013,Kings XI Punjab,Sunrisers Hyderabad,Kings XI Punjab,bat,normal,0,Sunrisers Hyderabad,0,5,GH Vihari
406,2013,Kolkata,4/20/2013,Kolkata Knight Riders,Chennai Super Kings,Kolkata Knight Riders,bat,normal,0,Chennai Super Kings,0,4,RA Jadeja
407,2013,Bangalore,4/20/2013,Rajasthan Royals,Royal Challengers Bangalore,Royal Challengers Bangalore,field,normal,0,Royal Challengers Bangalore,0,7,R Vinay Kumar
408,2013,Delhi,4/21/2013,Mumbai Indians,Delhi Daredevils,Mumbai Indians,bat,normal,0,Delhi Daredevils,0,9,V Sehwag
409,2013,Chandigarh,4/21/2013,Pune Warriors,Kings XI Punjab,Kings XI Punjab,field,normal,0,Kings XI Punjab,0,7,DA Miller
410,2013,Chennai,4/22/2013,Rajasthan Royals,Chennai Super Kings,Rajasthan Royals,bat,normal,0,Chennai Super Kings,0,5,MEK Hussey
411,2013,Bangalore,4/23/2013,Royal Challengers Bangalore,Pune Warriors,Pune Warriors,field,normal,0,Royal Challengers Bangalore,130,0,CH Gayle
412,2013,Dharamsala,5/16/2013,Kings XI Punjab,Delhi Daredevils,Delhi Daredevils,field,normal,0,Kings XI Punjab,7,0,DA Miller
413,2013,Kolkata,4/24/2013,Kolkata Knight Riders,Mumbai Indians,Kolkata Knight Riders,bat,normal,0,Mumbai Indians,0,5,DR Smith
414,2013,Chennai,4/25/2013,Sunrisers Hyderabad,Chennai Super Kings,Sunrisers Hyderabad,bat,normal,0,Chennai Super Kings,0,5,MS Dhoni
415,2013,Kolkata,4/26/2013,Kings XI Punjab,Kolkata Knight Riders,Kings XI Punjab,bat,normal,0,Kolkata Knight Riders,0,6,JH Kallis
416,2013,Jaipur,4/27/2013,Sunrisers Hyderabad,Rajasthan Royals,Sunrisers Hyderabad,bat,normal,0,Rajasthan Royals,0,8,JP Faulkner
417,2013,Mumbai,4/27/2013,Mumbai Indians,Royal Challengers Bangalore,Mumbai Indians,bat,normal,0,Mumbai Indians,58,0,DR Smith
418,2013,Chennai,4/28/2013,Chennai Super Kings,Kolkata Knight Riders,Kolkata Knight Riders,field,normal,0,Chennai Super Kings,14,0,MEK Hussey
419,2013,Raipur,4/28/2013,Delhi Daredevils,Pune Warriors,Pune Warriors,field,normal,0,Delhi Daredevils,15,0,DA Warner
420,2013,Jaipur,4/29/2013,Royal Challengers Bangalore,Rajasthan Royals,Rajasthan Royals,field,normal,0,Rajasthan Royals,0,4,SV Samson
421,2013,Mumbai,4/29/2013,Mumbai Indians,Kings XI Punjab,Mumbai Indians,bat,normal,0,Mumbai Indians,4,0,RG Sharma
422,2013,Pune,4/30/2013,Chennai Super Kings,Pune Warriors,Chennai Super Kings,bat,normal,0,Chennai Super Kings,37,0,MS Dhoni
423,2013,Hyderabad,5/1/2013,Mumbai Indians,Sunrisers Hyderabad,Mumbai Indians,bat,normal,0,Sunrisers Hyderabad,0,7,I Sharma
424,2013,Raipur,5/1/2013,Kolkata Knight Riders,Delhi Daredevils,Kolkata Knight Riders,bat,normal,0,Delhi Daredevils,0,7,DA Warner
425,2013,Chennai,5/2/2013,Chennai Super Kings,Kings XI Punjab,Chennai Super Kings,bat,normal,0,Chennai Super Kings,15,0,SK Raina
426,2013,Pune,5/2/2013,Royal Challengers Bangalore,Pune Warriors,Royal Challengers Bangalore,bat,normal,0,Royal Challengers Bangalore,17,0,AB de Villiers
427,2013,Kolkata,5/3/2013,Rajasthan Royals,Kolkata Knight Riders,Rajasthan Royals,bat,normal,0,Kolkata Knight Riders,0,8,YK Pathan
428,2013,Hyderabad,5/4/2013,Delhi Daredevils,Sunrisers Hyderabad,Delhi Daredevils,bat,normal,0,Sunrisers Hyderabad,0,6,DJG Sammy
429,2013,Bangalore,5/14/2013,Royal Challengers Bangalore,Kings XI Punjab,Kings XI Punjab,field,normal,0,Kings XI Punjab,0,7,AC Gilchrist
430,2013,Mumbai,5/5/2013,Mumbai Indians,Chennai Super Kings,Mumbai Indians,bat,normal,0,Mumbai Indians,60,0,MG Johnson
431,2013,Jaipur,5/5/2013,Pune Warriors,Rajasthan Royals,Pune Warriors,bat,normal,0,Rajasthan Royals,0,5,AM Rahane
432,2013,Bangalore,4/9/2013,Sunrisers Hyderabad,Royal Challengers Bangalore,Sunrisers Hyderabad,bat,normal,0,Royal Challengers Bangalore,0,7,V Kohli
433,2013,Jaipur,5/7/2013,Delhi Daredevils,Rajasthan Royals,Delhi Daredevils,bat,normal,0,Rajasthan Royals,0,9,AM Rahane
434,2013,Mumbai,5/7/2013,Mumbai Indians,Kolkata Knight Riders,Mumbai Indians,bat,normal,0,Mumbai Indians,65,0,SR Tendulkar
435,2013,Hyderabad,5/8/2013,Chennai Super Kings,Sunrisers Hyderabad,Sunrisers Hyderabad,field,normal,0,Chennai Super Kings,77,0,SK Raina
436,2013,Chandigarh,5/9/2013,Kings XI Punjab,Rajasthan Royals,Rajasthan Royals,field,normal,0,Rajasthan Royals,0,8,KK Cooper
437,2013,Pune,5/9/2013,Kolkata Knight Riders,Pune Warriors,Kolkata Knight Riders,bat,normal,0,Kolkata Knight Riders,46,0,G Gambhir
438,2013,Delhi,5/10/2013,Royal Challengers Bangalore,Delhi Daredevils,Delhi Daredevils,field,normal,0,Royal Challengers Bangalore,4,0,JD Unadkat
439,2013,Pune,5/11/2013,Pune Warriors,Mumbai Indians,Pune Warriors,bat,normal,0,Mumbai Indians,0,5,MG Johnson
440,2013,Chandigarh,5/11/2013,Sunrisers Hyderabad,Kings XI Punjab,Kings XI Punjab,field,normal,0,Sunrisers Hyderabad,30,0,PA Patel
441,2013,Ranchi,5/12/2013,Royal Challengers Bangalore,Kolkata Knight Riders,Kolkata Knight Riders,field,normal,0,Kolkata Knight Riders,0,5,JH Kallis
442,2013,Jaipur,5/12/2013,Chennai Super Kings,Rajasthan Royals,Rajasthan Royals,field,normal,0,Rajasthan Royals,0,5,SR Watson
443,2013,Delhi,4/23/2013,Delhi Daredevils,Kings XI Punjab,Kings XI Punjab,field,normal,0,Kings XI Punjab,0,5,Harmeet Singh
444,2013,Mumbai,5/13/2013,Sunrisers Hyderabad,Mumbai Indians,Sunrisers Hyderabad,bat,normal,0,Mumbai Indians,0,7,KA Pollard
445,2013,Ranchi,5/15/2013,Pune Warriors,Kolkata Knight Riders,Kolkata Knight Riders,field,normal,0,Pune Warriors,7,0,MK Pandey
446,2013,Chennai,5/14/2013,Chennai Super Kings,Delhi Daredevils,Chennai Super Kings,bat,normal,0,Chennai Super Kings,33,0,MS Dhoni
447,2013,Mumbai,5/15/2013,Mumbai Indians,Rajasthan Royals,Rajasthan Royals,field,normal,0,Mumbai Indians,14,0,AP Tare
448,2013,Chandigarh,5/6/2013,Royal Challengers Bangalore,Kings XI Punjab,Kings XI Punjab,field,normal,0,Kings XI Punjab,0,6,DA Miller
449,2013,Hyderabad,5/17/2013,Sunrisers Hyderabad,Rajasthan Royals,Sunrisers Hyderabad,bat,normal,0,Sunrisers Hyderabad,23,0,A Mishra
450,2013,Dharamsala,5/18/2013,Kings XI Punjab,Mumbai Indians,Mumbai Indians,field,normal,0,Kings XI Punjab,50,0,Azhar Mahmood
451,2013,Pune,5/19/2013,Pune Warriors,Delhi Daredevils,Pune Warriors,bat,normal,0,Pune Warriors,38,0,LJ Wright
452,2013,Bangalore,5/18/2013,Royal Challengers Bangalore,Chennai Super Kings,Chennai Super Kings,field,normal,0,Royal Challengers Bangalore,24,0,V Kohli
453,2013,Hyderabad,5/19/2013,Kolkata Knight Riders,Sunrisers Hyderabad,Kolkata Knight Riders,bat,normal,0,Sunrisers Hyderabad,0,5,PA Patel
454,2013,Delhi,5/21/2013,Chennai Super Kings,Mumbai Indians,Chennai Super Kings,bat,normal,0,Chennai Super Kings,48,0,MEK Hussey
455,2013,Delhi,5/22/2013,Sunrisers Hyderabad,Rajasthan Royals,Sunrisers Hyderabad,bat,normal,0,Rajasthan Royals,0,4,BJ Hodge
456,2013,Kolkata,5/24/2013,Rajasthan Royals,Mumbai Indians,Rajasthan Royals,bat,normal,0,Mumbai Indians,0,4,Harbhajan Singh
457,2013,Kolkata,5/26/2013,Mumbai Indians,Chennai Super Kings,Mumbai Indians,bat,normal,0,Mumbai Indians,23,0,KA Pollard
458,2014,Abu Dhabi,4/16/2014,Kolkata Knight Riders,Mumbai Indians,Kolkata Knight Riders,bat,normal,0,Kolkata Knight Riders,41,0,JH Kallis
459,2014,Sharjah,4/17/2014,Delhi Daredevils,Royal Challengers Bangalore,Royal Challengers Bangalore,field,normal,0,Royal Challengers Bangalore,0,8,YS Chahal
460,2014,Abu Dhabi,4/18/2014,Chennai Super Kings,Kings XI Punjab,Chennai Super Kings,bat,normal,0,Kings XI Punjab,0,6,GJ Maxwell
461,2014,Abu Dhabi,4/18/2014,Sunrisers Hyderabad,Rajasthan Royals,Rajasthan Royals,field,normal,0,Rajasthan Royals,0,4,AM Rahane
462,2014,,4/19/2014,Mumbai Indians,Royal Challengers Bangalore,Royal Challengers Bangalore,field,normal,0,Royal Challengers Bangalore,0,7,PA Patel
463,2014,,4/19/2014,Kolkata Knight Riders,Delhi Daredevils,Kolkata Knight Riders,bat,normal,0,Delhi Daredevils,0,4,JP Duminy
464,2014,Sharjah,4/20/2014,Rajasthan Royals,Kings XI Punjab,Kings XI Punjab,field,normal,0,Kings XI Punjab,0,7,GJ Maxwell
465,2014,Abu Dhabi,4/21/2014,Chennai Super Kings,Delhi Daredevils,Chennai Super Kings,bat,normal,0,Chennai Super Kings,93,0,SK Raina
466,2014,Sharjah,4/22/2014,Kings XI Punjab,Sunrisers Hyderabad,Sunrisers Hyderabad,field,normal,0,Kings XI Punjab,72,0,GJ Maxwell
467,2014,,4/23/2014,Chennai Super Kings,Rajasthan Royals,Rajasthan Royals,field,normal,0,Chennai Super Kings,7,0,RA Jadeja
468,2014,Sharjah,4/24/2014,Kolkata Knight Riders,Royal Challengers Bangalore,Royal Challengers Bangalore,field,normal,0,Kolkata Knight Riders,2,0,CA Lynn
469,2014,,4/25/2014,Sunrisers Hyderabad,Delhi Daredevils,Sunrisers Hyderabad,bat,normal,0,Sunrisers Hyderabad,4,0,AJ Finch
470,2014,,4/25/2014,Mumbai Indians,Chennai Super Kings,Mumbai Indians,bat,normal,0,Chennai Super Kings,0,7,MM Sharma
471,2014,Abu Dhabi,4/26/2014,Royal Challengers Bangalore,Rajasthan Royals,Rajasthan Royals,field,normal,0,Rajasthan Royals,0,6,PV Tambe
472,2014,Abu Dhabi,4/26/2014,Kings XI Punjab,Kolkata Knight Riders,Kolkata Knight Riders,field,normal,0,Kings XI Punjab,23,0,Sandeep Sharma
473,2014,Sharjah,4/27/2014,Mumbai Indians,Delhi Daredevils,Mumbai Indians,bat,normal,0,Delhi Daredevils,0,6,M Vijay
474,2014,Sharjah,4/27/2014,Sunrisers Hyderabad,Chennai Super Kings,Sunrisers Hyderabad,bat,normal,0,Chennai Super Kings,0,5,DR Smith
475,2014,,4/28/2014,Royal Challengers Bangalore,Kings XI Punjab,Kings XI Punjab,field,normal,0,Kings XI Punjab,0,5,Sandeep Sharma
476,2014,Abu Dhabi,4/29/2014,Rajasthan Royals,Kolkata Knight Riders,Rajasthan Royals,bat,tie,0,Rajasthan Royals,0,0,JP Faulkner
477,2014,,4/30/2014,Sunrisers Hyderabad,Mumbai Indians,Mumbai Indians,field,normal,0,Sunrisers Hyderabad,15,0,B Kumar
478,2014,Ranchi,5/2/2014,Chennai Super Kings,Kolkata Knight Riders,Chennai Super Kings,bat,normal,0,Chennai Super Kings,34,0,RA Jadeja
479,2014,Mumbai,5/3/2014,Kings XI Punjab,Mumbai Indians,Kings XI Punjab,bat,normal,0,Mumbai Indians,0,5,CJ Anderson
480,2014,Delhi,5/3/2014,Delhi Daredevils,Rajasthan Royals,Rajasthan Royals,field,normal,0,Rajasthan Royals,0,7,KK Nair
481,2014,Bangalore,5/4/2014,Sunrisers Hyderabad,Royal Challengers Bangalore,Royal Challengers Bangalore,field,normal,0,Royal Challengers Bangalore,0,4,AB de Villiers
482,2014,Ahmedabad,5/5/2014,Rajasthan Royals,Kolkata Knight Riders,Kolkata Knight Riders,field,normal,0,Rajasthan Royals,10,0,PV Tambe
483,2014,Delhi,5/5/2014,Delhi Daredevils,Chennai Super Kings,Chennai Super Kings,field,normal,0,Chennai Super Kings,0,8,DR Smith
484,2014,Mumbai,5/6/2014,Mumbai Indians,Royal Challengers Bangalore,Royal Challengers Bangalore,field,normal,0,Mumbai Indians,19,0,RG Sharma
485,2014,Delhi,5/7/2014,Delhi Daredevils,Kolkata Knight Riders,Delhi Daredevils,bat,normal,0,Kolkata Knight Riders,0,8,G Gambhir
486,2014,Cuttack,5/7/2014,Kings XI Punjab,Chennai Super Kings,Chennai Super Kings,field,normal,0,Kings XI Punjab,44,0,GJ Maxwell
487,2014,Ahmedabad,5/8/2014,Sunrisers Hyderabad,Rajasthan Royals,Rajasthan Royals,field,normal,0,Sunrisers Hyderabad,32,0,B Kumar
488,2014,Bangalore,5/9/2014,Kings XI Punjab,Royal Challengers Bangalore,Royal Challengers Bangalore,field,normal,0,Kings XI Punjab,32,0,Sandeep Sharma
489,2014,Delhi,5/10/2014,Delhi Daredevils,Sunrisers Hyderabad,Sunrisers Hyderabad,field,normal,1,Sunrisers Hyderabad,0,8,DW Steyn
490,2014,Mumbai,5/10/2014,Mumbai Indians,Chennai Super Kings,Chennai Super Kings,field,normal,0,Chennai Super Kings,0,4,DR Smith
491,2014,Cuttack,5/11/2014,Kings XI Punjab,Kolkata Knight Riders,Kolkata Knight Riders,field,normal,0,Kolkata Knight Riders,0,9,G Gambhir
492,2014,Bangalore,5/11/2014,Royal Challengers Bangalore,Rajasthan Royals,Royal Challengers Bangalore,bat,normal,0,Rajasthan Royals,0,5,JP Faulkner
493,2014,Hyderabad,5/12/2014,Sunrisers Hyderabad,Mumbai Indians,Sunrisers Hyderabad,bat,normal,0,Mumbai Indians,0,7,AT Rayudu
494,2014,Ranchi,5/13/2014,Rajasthan Royals,Chennai Super Kings,Rajasthan Royals,bat,normal,0,Chennai Super Kings,0,5,RA Jadeja
495,2014,Bangalore,5/13/2014,Royal Challengers Bangalore,Delhi Daredevils,Delhi Daredevils,field,normal,0,Royal Challengers Bangalore,16,0,Yuvraj Singh
496,2014,Hyderabad,5/14/2014,Sunrisers Hyderabad,Kings XI Punjab,Kings XI Punjab,field,normal,0,Kings XI Punjab,0,6,WP Saha
497,2014,Cuttack,5/14/2014,Mumbai Indians,Kolkata Knight Riders,Kolkata Knight Riders,field,normal,0,Kolkata Knight Riders,0,6,RV Uthappa
498,2014,Ahmedabad,5/15/2014,Rajasthan Royals,Delhi Daredevils,Delhi Daredevils,field,normal,0,Rajasthan Royals,62,0,AM Rahane
499,2014,Ranchi,5/18/2014,Chennai Super Kings,Royal Challengers Bangalore,Chennai Super Kings,bat,normal,0,Royal Challengers Bangalore,0,5,AB de Villiers
500,2014,Hyderabad,5/18/2014,Sunrisers Hyderabad,Kolkata Knight Riders,Sunrisers Hyderabad,bat,normal,0,Kolkata Knight Riders,0,7,UT Yadav
501,2014,Ahmedabad,5/19/2014,Mumbai Indians,Rajasthan Royals,Mumbai Indians,bat,normal,0,Mumbai Indians,25,0,MEK Hussey
502,2014,Delhi,5/19/2014,Delhi Daredevils,Kings XI Punjab,Kings XI Punjab,field,normal,0,Kings XI Punjab,0,4,AR Patel
503,2014,Hyderabad,5/20/2014,Royal Challengers Bangalore,Sunrisers Hyderabad,Royal Challengers Bangalore,bat,normal,0,Sunrisers Hyderabad,0,7,DA Warner
504,2014,Kolkata,5/20/2014,Chennai Super Kings,Kolkata Knight Riders,Kolkata Knight Riders,field,normal,0,Kolkata Knight Riders,0,8,RV Uthappa
505,2014,Chandigarh,5/21/2014,Kings XI Punjab,Mumbai Indians,Mumbai Indians,field,normal,0,Mumbai Indians,0,7,LMP Simmons
506,2014,Kolkata,5/22/2014,Kolkata Knight Riders,Royal Challengers Bangalore,Royal Challengers Bangalore,field,normal,0,Kolkata Knight Riders,30,0,RV Uthappa
507,2014,Ranchi,5/22/2014,Chennai Super Kings,Sunrisers Hyderabad,Sunrisers Hyderabad,field,normal,0,Sunrisers Hyderabad,0,6,DA Warner
508,2014,Mumbai,5/23/2014,Mumbai Indians,Delhi Daredevils,Delhi Daredevils,field,normal,0,Mumbai Indians,15,0,MEK Hussey
509,2014,Chandigarh,5/23/2014,Kings XI Punjab,Rajasthan Royals,Rajasthan Royals,field,normal,0,Kings XI Punjab,16,0,SE Marsh
510,2014,Bangalore,5/24/2014,Royal Challengers Bangalore,Chennai Super Kings,Chennai Super Kings,field,normal,0,Chennai Super Kings,0,8,MS Dhoni
511,2014,Kolkata,5/24/2014,Sunrisers Hyderabad,Kolkata Knight Riders,Kolkata Knight Riders,field,normal,0,Kolkata Knight Riders,0,4,YK Pathan
512,2014,Chandigarh,5/25/2014,Delhi Daredevils,Kings XI Punjab,Kings XI Punjab,field,normal,0,Kings XI Punjab,0,7,M Vohra
513,2014,Mumbai,5/25/2014,Rajasthan Royals,Mumbai Indians,Mumbai Indians,field,normal,0,Mumbai Indians,0,5,CJ Anderson
514,2014,Kolkata,5/27/2014,Kolkata Knight Riders,Kings XI Punjab,Kings XI Punjab,field,normal,0,Kolkata Knight Riders,28,0,UT Yadav
515,2014,Mumbai,5/28/2014,Mumbai Indians,Chennai Super Kings,Chennai Super Kings,field,normal,0,Chennai Super Kings,0,7,SK Raina
516,2014,Mumbai,5/30/2014,Kings XI Punjab,Chennai Super Kings,Chennai Super Kings,field,normal,0,Kings XI Punjab,24,0,V Sehwag
517,2014,Bangalore,6/1/2014,Kings XI Punjab,Kolkata Knight Riders,Kolkata Knight Riders,field,normal,0,Kolkata Knight Riders,0,3,MK Pandey
518,2015,Kolkata,4/8/2015,Mumbai Indians,Kolkata Knight Riders,Kolkata Knight Riders,field,normal,0,Kolkata Knight Riders,0,7,M Morkel
519,2015,Chennai,4/9/2015,Chennai Super Kings,Delhi Daredevils,Delhi Daredevils,field,normal,0,Chennai Super Kings,1,0,A Nehra
520,2015,Pune,4/10/2015,Rajasthan Royals,Kings XI Punjab,Kings XI Punjab,field,normal,0,Rajasthan Royals,26,0,JP Faulkner
521,2015,Chennai,4/11/2015,Chennai Super Kings,Sunrisers Hyderabad,Chennai Super Kings,bat,normal,0,Chennai Super Kings,45,0,BB McCullum
522,2015,Kolkata,4/11/2015,Kolkata Knight Riders,Royal Challengers Bangalore,Royal Challengers Bangalore,field,normal,0,Royal Challengers Bangalore,0,3,CH Gayle
523,2015,Delhi,4/12/2015,Delhi Daredevils,Rajasthan Royals,Rajasthan Royals,field,normal,0,Rajasthan Royals,0,3,DJ Hooda
524,2015,Mumbai,4/12/2015,Kings XI Punjab,Mumbai Indians,Mumbai Indians,field,normal,0,Kings XI Punjab,18,0,GJ Bailey
525,2015,Bangalore,4/13/2015,Royal Challengers Bangalore,Sunrisers Hyderabad,Sunrisers Hyderabad,field,normal,0,Sunrisers Hyderabad,0,8,DA Warner
526,2015,Ahmedabad,4/14/2015,Mumbai Indians,Rajasthan Royals,Mumbai Indians,bat,normal,0,Rajasthan Royals,0,7,SPD Smith
527,2015,Kolkata,4/30/2015,Chennai Super Kings,Kolkata Knight Riders,Kolkata Knight Riders,field,normal,0,Kolkata Knight Riders,0,7,AD Russell
528,2015,Pune,4/15/2015,Kings XI Punjab,Delhi Daredevils,Kings XI Punjab,bat,normal,0,Delhi Daredevils,0,5,MA Agarwal
529,2015,Visakhapatnam,4/16/2015,Sunrisers Hyderabad,Rajasthan Royals,Rajasthan Royals,field,normal,0,Rajasthan Royals,0,6,AM Rahane
530,2015,Mumbai,4/17/2015,Mumbai Indians,Chennai Super Kings,Mumbai Indians,bat,normal,0,Chennai Super Kings,0,6,A Nehra
531,2015,Visakhapatnam,4/18/2015,Delhi Daredevils,Sunrisers Hyderabad,Delhi Daredevils,bat,normal,0,Delhi Daredevils,4,0,JP Duminy
532,2015,Pune,4/18/2015,Kings XI Punjab,Kolkata Knight Riders,Kolkata Knight Riders,field,normal,0,Kolkata Knight Riders,0,4,AD Russell
533,2015,Ahmedabad,4/19/2015,Chennai Super Kings,Rajasthan Royals,Chennai Super Kings,bat,normal,0,Rajasthan Royals,0,8,AM Rahane
534,2015,Bangalore,4/19/2015,Mumbai Indians,Royal Challengers Bangalore,Royal Challengers Bangalore,field,normal,0,Mumbai Indians,18,0,Harbhajan Singh
535,2015,Delhi,4/20/2015,Delhi Daredevils,Kolkata Knight Riders,Kolkata Knight Riders,field,normal,0,Kolkata Knight Riders,0,6,UT Yadav
536,2015,Ahmedabad,4/21/2015,Rajasthan Royals,Kings XI Punjab,Kings XI Punjab,field,tie,0,Kings XI Punjab,0,0,SE Marsh
537,2015,Visakhapatnam,4/22/2015,Sunrisers Hyderabad,Kolkata Knight Riders,Kolkata Knight Riders,field,normal,1,Sunrisers Hyderabad,16,0,DA Warner
538,2015,Bangalore,4/22/2015,Chennai Super Kings,Royal Challengers Bangalore,Royal Challengers Bangalore,field,normal,0,Chennai Super Kings,27,0,SK Raina
539,2015,Delhi,4/23/2015,Delhi Daredevils,Mumbai Indians,Mumbai Indians,field,normal,0,Delhi Daredevils,37,0,SS Iyer
540,2015,Ahmedabad,4/24/2015,Rajasthan Royals,Royal Challengers Bangalore,Royal Challengers Bangalore,field,normal,0,Royal Challengers Bangalore,0,9,MA Starc
541,2015,Mumbai,4/25/2015,Mumbai Indians,Sunrisers Hyderabad,Mumbai Indians,bat,normal,0,Mumbai Indians,20,0,SL Malinga
542,2015,Chennai,4/25/2015,Chennai Super Kings,Kings XI Punjab,Chennai Super Kings,bat,normal,0,Chennai Super Kings,97,0,BB McCullum
543,2015,Delhi,4/26/2015,Delhi Daredevils,Royal Challengers Bangalore,Royal Challengers Bangalore,field,normal,0,Royal Challengers Bangalore,0,10,VR Aaron
544,2015,Chandigarh,4/27/2015,Sunrisers Hyderabad,Kings XI Punjab,Kings XI Punjab,field,normal,0,Sunrisers Hyderabad,20,0,TA Boult
545,2015,Kolkata,5/7/2015,Kolkata Knight Riders,Delhi Daredevils,Kolkata Knight Riders,bat,normal,0,Kolkata Knight Riders,13,0,PP Chawla
546,2015,Bangalore,4/29/2015,Royal Challengers Bangalore,Rajasthan Royals,Rajasthan Royals,field,no result,0,None,0,0,None
547,2015,Chennai,4/28/2015,Chennai Super Kings,Kolkata Knight Riders,Kolkata Knight Riders,field,normal,0,Chennai Super Kings,2,0,DJ Bravo
548,2015,Delhi,5/1/2015,Kings XI Punjab,Delhi Daredevils,Delhi Daredevils,field,normal,0,Delhi Daredevils,0,9,NM Coulter-Nile
549,2015,Mumbai,5/1/2015,Mumbai Indians,Rajasthan Royals,Rajasthan Royals,field,normal,0,Mumbai Indians,8,0,AT Rayudu
550,2015,Bangalore,5/2/2015,Kolkata Knight Riders,Royal Challengers Bangalore,Royal Challengers Bangalore,field,normal,0,Royal Challengers Bangalore,0,7,Mandeep Singh
551,2015,Hyderabad,5/2/2015,Sunrisers Hyderabad,Chennai Super Kings,Chennai Super Kings,field,normal,0,Sunrisers Hyderabad,22,0,DA Warner
552,2015,Chandigarh,5/3/2015,Mumbai Indians,Kings XI Punjab,Mumbai Indians,bat,normal,0,Mumbai Indians,23,0,LMP Simmons
553,2015,Mumbai,5/3/2015,Rajasthan Royals,Delhi Daredevils,Delhi Daredevils,field,normal,0,Rajasthan Royals,14,0,AM Rahane
554,2015,Chennai,5/4/2015,Chennai Super Kings,Royal Challengers Bangalore,Chennai Super Kings,bat,normal,0,Chennai Super Kings,24,0,SK Raina
555,2015,Kolkata,5/4/2015,Kolkata Knight Riders,Sunrisers Hyderabad,Sunrisers Hyderabad,field,normal,0,Kolkata Knight Riders,35,0,UT Yadav
556,2015,Mumbai,5/5/2015,Delhi Daredevils,Mumbai Indians,Delhi Daredevils,bat,normal,0,Mumbai Indians,0,5,Harbhajan Singh
557,2015,Bangalore,5/6/2015,Royal Challengers Bangalore,Kings XI Punjab,Kings XI Punjab,field,normal,0,Royal Challengers Bangalore,138,0,CH Gayle
558,2015,Mumbai,5/7/2015,Sunrisers Hyderabad,Rajasthan Royals,Rajasthan Royals,field,normal,0,Sunrisers Hyderabad,7,0,EJG Morgan
559,2015,Chennai,5/8/2015,Chennai Super Kings,Mumbai Indians,Chennai Super Kings,bat,normal,0,Mumbai Indians,0,6,HH Pandya
560,2015,Kolkata,5/9/2015,Kings XI Punjab,Kolkata Knight Riders,Kings XI Punjab,bat,normal,0,Kolkata Knight Riders,0,1,AD Russell
561,2015,Raipur,5/9/2015,Sunrisers Hyderabad,Delhi Daredevils,Sunrisers Hyderabad,bat,normal,0,Sunrisers Hyderabad,6,0,MC Henriques
562,2015,Mumbai,5/10/2015,Royal Challengers Bangalore,Mumbai Indians,Royal Challengers Bangalore,bat,normal,0,Royal Challengers Bangalore,39,0,AB de Villiers
563,2015,Chennai,5/10/2015,Chennai Super Kings,Rajasthan Royals,Chennai Super Kings,bat,normal,0,Chennai Super Kings,12,0,RA Jadeja
564,2015,Hyderabad,5/11/2015,Sunrisers Hyderabad,Kings XI Punjab,Sunrisers Hyderabad,bat,normal,0,Sunrisers Hyderabad,5,0,DA Warner
565,2015,Raipur,5/12/2015,Chennai Super Kings,Delhi Daredevils,Chennai Super Kings,bat,normal,0,Delhi Daredevils,0,6,Z Khan
566,2015,Chandigarh,5/13/2015,Kings XI Punjab,Royal Challengers Bangalore,Royal Challengers Bangalore,field,normal,0,Kings XI Punjab,22,0,AR Patel
567,2015,Mumbai,5/14/2015,Mumbai Indians,Kolkata Knight Riders,Kolkata Knight Riders,field,normal,0,Mumbai Indians,5,0,HH Pandya
568,2015,Hyderabad,5/15/2015,Sunrisers Hyderabad,Royal Challengers Bangalore,Sunrisers Hyderabad,bat,normal,1,Royal Challengers Bangalore,0,6,V Kohli
569,2015,Chandigarh,5/16/2015,Kings XI Punjab,Chennai Super Kings,Kings XI Punjab,bat,normal,0,Chennai Super Kings,0,7,P Negi
570,2015,Mumbai,5/16/2015,Rajasthan Royals,Kolkata Knight Riders,Rajasthan Royals,bat,normal,0,Rajasthan Royals,9,0,SR Watson
571,2015,Bangalore,5/17/2015,Delhi Daredevils,Royal Challengers Bangalore,Royal Challengers Bangalore,field,no result,0,None,0,0,None
572,2015,Hyderabad,5/17/2015,Sunrisers Hyderabad,Mumbai Indians,Sunrisers Hyderabad,bat,normal,0,Mumbai Indians,0,9,MJ McClenaghan
573,2015,Mumbai,5/19/2015,Mumbai Indians,Chennai Super Kings,Mumbai Indians,bat,normal,0,Mumbai Indians,25,0,KA Pollard
574,2015,Pune,5/20/2015,Royal Challengers Bangalore,Rajasthan Royals,Royal Challengers Bangalore,bat,normal,0,Royal Challengers Bangalore,71,0,AB de Villiers
575,2015,Ranchi,5/22/2015,Royal Challengers Bangalore,Chennai Super Kings,Chennai Super Kings,field,normal,0,Chennai Super Kings,0,3,A Nehra
576,2015,Kolkata,5/24/2015,Mumbai Indians,Chennai Super Kings,Chennai Super Kings,field,normal,0,Mumbai Indians,41,0,RG Sharma
577,2016,Mumbai,4/9/2016,Mumbai Indians,Rising Pune Supergiants,Mumbai Indians,bat,normal,0,Rising Pune Supergiants,0,9,AM Rahane
578,2016,Kolkata,4/10/2016,Delhi Daredevils,Kolkata Knight Riders,Kolkata Knight Riders,field,normal,0,Kolkata Knight Riders,0,9,AD Russell
579,2016,Chandigarh,4/11/2016,Kings XI Punjab,Gujarat Lions,Gujarat Lions,field,normal,0,Gujarat Lions,0,5,AJ Finch
580,2016,Bangalore,4/12/2016,Royal Challengers Bangalore,Sunrisers Hyderabad,Sunrisers Hyderabad,field,normal,0,Royal Challengers Bangalore,45,0,AB de Villiers
581,2016,Kolkata,4/13/2016,Kolkata Knight Riders,Mumbai Indians,Mumbai Indians,field,normal,0,Mumbai Indians,0,6,RG Sharma
582,2016,Rajkot,4/14/2016,Rising Pune Supergiants,Gujarat Lions,Rising Pune Supergiants,bat,normal,0,Gujarat Lions,0,7,AJ Finch
583,2016,Delhi,4/15/2016,Kings XI Punjab,Delhi Daredevils,Delhi Daredevils,field,normal,0,Delhi Daredevils,0,8,A Mishra
584,2016,Hyderabad,4/16/2016,Sunrisers Hyderabad,Kolkata Knight Riders,Sunrisers Hyderabad,bat,normal,0,Kolkata Knight Riders,0,8,G Gambhir
585,2016,Mumbai,4/16/2016,Mumbai Indians,Gujarat Lions,Gujarat Lions,field,normal,0,Gujarat Lions,0,3,AJ Finch
586,2016,Chandigarh,4/17/2016,Rising Pune Supergiants,Kings XI Punjab,Rising Pune Supergiants,bat,normal,0,Kings XI Punjab,0,6,M Vohra
587,2016,Bangalore,4/17/2016,Royal Challengers Bangalore,Delhi Daredevils,Delhi Daredevils,field,normal,0,Delhi Daredevils,0,7,Q de Kock
588,2016,Hyderabad,4/18/2016,Mumbai Indians,Sunrisers Hyderabad,Sunrisers Hyderabad,field,normal,0,Sunrisers Hyderabad,0,7,DA Warner
589,2016,Chandigarh,4/19/2016,Kings XI Punjab,Kolkata Knight Riders,Kolkata Knight Riders,field,normal,0,Kolkata Knight Riders,0,6,RV Uthappa
590,2016,Mumbai,4/20/2016,Royal Challengers Bangalore,Mumbai Indians,Mumbai Indians,field,normal,0,Mumbai Indians,0,6,RG Sharma
591,2016,Rajkot,4/21/2016,Gujarat Lions,Sunrisers Hyderabad,Sunrisers Hyderabad,field,normal,0,Sunrisers Hyderabad,0,10,B Kumar
592,2016,Pune,4/22/2016,Royal Challengers Bangalore,Rising Pune Supergiants,Rising Pune Supergiants,field,normal,0,Royal Challengers Bangalore,13,0,AB de Villiers
593,2016,Delhi,4/23/2016,Delhi Daredevils,Mumbai Indians,Mumbai Indians,field,normal,0,Delhi Daredevils,10,0,SV Samson
594,2016,Hyderabad,4/23/2016,Kings XI Punjab,Sunrisers Hyderabad,Sunrisers Hyderabad,field,normal,0,Sunrisers Hyderabad,0,5,Mustafizur Rahman
595,2016,Rajkot,4/24/2016,Royal Challengers Bangalore,Gujarat Lions,Royal Challengers Bangalore,bat,normal,0,Gujarat Lions,0,6,V Kohli
596,2016,Pune,4/24/2016,Rising Pune Supergiants,Kolkata Knight Riders,Kolkata Knight Riders,field,normal,0,Kolkata Knight Riders,0,2,SA Yadav
597,2016,Chandigarh,4/25/2016,Mumbai Indians,Kings XI Punjab,Kings XI Punjab,field,normal,0,Mumbai Indians,25,0,PA Patel
598,2016,Hyderabad,4/26/2016,Sunrisers Hyderabad,Rising Pune Supergiants,Rising Pune Supergiants,field,normal,1,Rising Pune Supergiants,34,0,AB Dinda
599,2016,Delhi,4/27/2016,Gujarat Lions,Delhi Daredevils,Delhi Daredevils,field,normal,0,Gujarat Lions,1,0,CH Morris
600,2016,Mumbai,4/28/2016,Kolkata Knight Riders,Mumbai Indians,Mumbai Indians,field,normal,0,Mumbai Indians,0,6,RG Sharma
601,2016,Pune,4/29/2016,Rising Pune Supergiants,Gujarat Lions,Gujarat Lions,field,normal,0,Gujarat Lions,0,3,DR Smith
602,2016,Delhi,4/30/2016,Delhi Daredevils,Kolkata Knight Riders,Kolkata Knight Riders,field,normal,0,Delhi Daredevils,27,0,CR Brathwaite
603,2016,Hyderabad,4/30/2016,Sunrisers Hyderabad,Royal Challengers Bangalore,Royal Challengers Bangalore,field,normal,0,Sunrisers Hyderabad,15,0,DA Warner
604,2016,Rajkot,5/1/2016,Kings XI Punjab,Gujarat Lions,Gujarat Lions,field,normal,0,Kings XI Punjab,23,0,AR Patel
605,2016,Pune,5/1/2016,Rising Pune Supergiants,Mumbai Indians,Mumbai Indians,field,normal,0,Mumbai Indians,0,8,RG Sharma
606,2016,Bangalore,5/2/2016,Royal Challengers Bangalore,Kolkata Knight Riders,Kolkata Knight Riders,field,normal,0,Kolkata Knight Riders,0,5,AD Russell
607,2016,Rajkot,5/3/2016,Gujarat Lions,Delhi Daredevils,Delhi Daredevils,field,normal,0,Delhi Daredevils,0,8,RR Pant
608,2016,Kolkata,5/4/2016,Kolkata Knight Riders,Kings XI Punjab,Kings XI Punjab,field,normal,0,Kolkata Knight Riders,7,0,AD Russell
609,2016,Delhi,5/5/2016,Delhi Daredevils,Rising Pune Supergiants,Rising Pune Supergiants,field,normal,0,Rising Pune Supergiants,0,7,AM Rahane
610,2016,Hyderabad,5/6/2016,Gujarat Lions,Sunrisers Hyderabad,Sunrisers Hyderabad,field,normal,0,Sunrisers Hyderabad,0,5,B Kumar
611,2016,Bangalore,5/7/2016,Rising Pune Supergiants,Royal Challengers Bangalore,Royal Challengers Bangalore,field,normal,0,Royal Challengers Bangalore,0,7,V Kohli
612,2016,Chandigarh,5/7/2016,Kings XI Punjab,Delhi Daredevils,Delhi Daredevils,field,normal,0,Kings XI Punjab,9,0,MP Stoinis
613,2016,Visakhapatnam,5/8/2016,Sunrisers Hyderabad,Mumbai Indians,Mumbai Indians,field,normal,0,Sunrisers Hyderabad,85,0,A Nehra
614,2016,Kolkata,5/8/2016,Kolkata Knight Riders,Gujarat Lions,Gujarat Lions,field,normal,0,Gujarat Lions,0,5,P Kumar
615,2016,Chandigarh,5/9/2016,Royal Challengers Bangalore,Kings XI Punjab,Kings XI Punjab,field,normal,0,Royal Challengers Bangalore,1,0,SR Watson
616,2016,Visakhapatnam,5/10/2016,Sunrisers Hyderabad,Rising Pune Supergiants,Sunrisers Hyderabad,bat,normal,0,Sunrisers Hyderabad,4,0,A Zampa
617,2016,Bangalore,5/11/2016,Royal Challengers Bangalore,Mumbai Indians,Mumbai Indians,field,normal,0,Mumbai Indians,0,6,KH Pandya
618,2016,Hyderabad,5/12/2016,Sunrisers Hyderabad,Delhi Daredevils,Delhi Daredevils,field,normal,0,Delhi Daredevils,0,7,CH Morris
619,2016,Visakhapatnam,5/13/2016,Mumbai Indians,Kings XI Punjab,Mumbai Indians,bat,normal,0,Kings XI Punjab,0,7,MP Stoinis
620,2016,Bangalore,5/14/2016,Royal Challengers Bangalore,Gujarat Lions,Gujarat Lions,field,normal,0,Royal Challengers Bangalore,144,0,AB de Villiers
621,2016,Kolkata,5/14/2016,Rising Pune Supergiants,Kolkata Knight Riders,Rising Pune Supergiants,bat,normal,1,Kolkata Knight Riders,0,8,YK Pathan
622,2016,Chandigarh,5/15/2016,Kings XI Punjab,Sunrisers Hyderabad,Kings XI Punjab,bat,normal,0,Sunrisers Hyderabad,0,7,HM Amla
623,2016,Visakhapatnam,5/15/2016,Mumbai Indians,Delhi Daredevils,Delhi Daredevils,field,normal,0,Mumbai Indians,80,0,KH Pandya
624,2016,Kolkata,5/16/2016,Kolkata Knight Riders,Royal Challengers Bangalore,Royal Challengers Bangalore,field,normal,0,Royal Challengers Bangalore,0,9,V Kohli
625,2016,Visakhapatnam,5/17/2016,Delhi Daredevils,Rising Pune Supergiants,Rising Pune Supergiants,field,normal,1,Rising Pune Supergiants,19,0,AB Dinda
626,2016,Bangalore,5/18/2016,Royal Challengers Bangalore,Kings XI Punjab,Kings XI Punjab,field,normal,1,Royal Challengers Bangalore,82,0,V Kohli
627,2016,Kanpur,5/19/2016,Kolkata Knight Riders,Gujarat Lions,Gujarat Lions,field,normal,0,Gujarat Lions,0,6,DR Smith
628,2016,Raipur,5/20/2016,Sunrisers Hyderabad,Delhi Daredevils,Delhi Daredevils,field,normal,0,Delhi Daredevils,0,6,KK Nair
629,2016,Visakhapatnam,5/21/2016,Kings XI Punjab,Rising Pune Supergiants,Kings XI Punjab,bat,normal,0,Rising Pune Supergiants,0,4,MS Dhoni
630,2016,Kanpur,5/21/2016,Mumbai Indians,Gujarat Lions,Gujarat Lions,field,normal,0,Gujarat Lions,0,6,SK Raina
631,2016,Kolkata,5/22/2016,Kolkata Knight Riders,Sunrisers Hyderabad,Sunrisers Hyderabad,field,normal,0,Kolkata Knight Riders,22,0,YK Pathan
632,2016,Raipur,5/22/2016,Delhi Daredevils,Royal Challengers Bangalore,Royal Challengers Bangalore,field,normal,0,Royal Challengers Bangalore,0,6,V Kohli
633,2016,Bangalore,5/24/2016,Gujarat Lions,Royal Challengers Bangalore,Royal Challengers Bangalore,field,normal,0,Royal Challengers Bangalore,0,4,AB de Villiers
634,2016,Delhi,5/25/2016,Sunrisers Hyderabad,Kolkata Knight Riders,Kolkata Knight Riders,field,normal,0,Sunrisers Hyderabad,22,0,MC Henriques
635,2016,Delhi,5/27/2016,Gujarat Lions,Sunrisers Hyderabad,Sunrisers Hyderabad,field,normal,0,Sunrisers Hyderabad,0,4,DA Warner
636,2016,Bangalore,5/29/2016,Sunrisers Hyderabad,Royal Challengers Bangalore,Sunrisers Hyderabad,bat,normal,0,Sunrisers Hyderabad,8,0,BCJ Cutting
